date,asianSeabass_kfdc,asianSeabass_madikeri,asianSeabass_padubidri,giantFreshwaterPrawn_kfdc,giantFreshwaterPrawn_madikeri,giantFreshwaterPrawn_padubidri,catla_kfdc,catla_madikeri,catla_padubidri,mrigal_kfdc,mrigal_madikeri,mrigal_padubidri,rohu_kfdc,rohu_madikeri,rohu_padubidri,tilapia_kfdc,tilapia_madikeri,tilapia_padubidri
20-08-2020,655,614,579,275,309,283,198,290,310,350,327,298,300,292,327,382,480,562
21-08-2020,658,653,646,313,286,323,226,350,297,347,318,350,303,242,275,502,415,750
22-08-2020,629,616,572,319,331,310,219,300,298,287,322,380,265,208,378,612,365,720
23-08-2020,618,634,594,291,262,262,215,345,263,328,325,367,263,312,323,495,392,665
24-08-2020,615,628,687,290,296,392,204,338,310,365,330,380,317,257,297,575,613,643
25-08-2020,609,646,591,295,283,410,234,330,295,337,288,373,363,208,322,505,520,423
26-08-2020,636,607,610,308,279,240,192,317,295,287,313,283,265,323,417,495,415,700
27-08-2020,606,634,686,279,362,440,206,287,300,297,302,348,288,215,337,632,610,588
28-08-2020,671,627,609,281,296,305,209,285,270,330,320,370,253,353,348,593,557,750
29-08-2020,636,611,693,316,291,195,214,287,318,350,320,280,330,187,387,265,643,482
30-08-2020,635,596,646,290,317,285,241,362,285,308,335,387,318,292,343,278,433,480
31-08-2020,626,682,666,320,240,171,211,342,300,305,290,322,333,297,298,547,620,557
01-09-2020,663,663,682,285,367,420,213,277,308,280,293,385,228,252,407,482,338,617
02-09-2020,618,648,676,315,296,362,200,332,300,297,310,340,325,348,403,283,543,380
03-09-2020,669,642,631,288,262,211,221,310,248,333,302,385,290,305,292,560,557,330
04-09-2020,660,609,590,330,270,302,200,312,295,298,338,383,272,342,250,377,480,540
05-09-2020,643,689,688,320,288,237,207,275,270,350,310,300,322,263,372,240,330,543
06-09-2020,682,651,584,294,294,315,222,330,293,305,283,347,282,250,393,482,655,553
07-09-2020,599,620,691,278,315,302,205,352,310,328,277,337,330,295,353,438,625,365
08-09-2020,616,648,640,296,312,284,199,335,278,317,310,318,322,327,370,322,330,715
09-09-2020,621,661,630,300,307,204,229,287,305,340,323,365,295,365,337,290,522,612
10-09-2020,616,664,596,288,273,318,198,315,267,322,342,343,293,338,298,407,445,515
11-09-2020,600,646,616,326,283,361,213,312,292,318,275,308,352,285,383,390,395,460
12-09-2020,648,657,668,304,226,199,220,305,310,357,298,398,345,233,263,467,620,343
13-09-2020,662,604,613,325,276,360,219,308,303,313,305,267,272,300,362,600,425,362
14-09-2020,657,596,651,323,328,348,207,308,305,300,333,328,243,303,355,650,505,427
15-09-2020,647,583,592,308,301,453,222,313,265,287,283,343,358,247,315,548,595,767
16-09-2020,637,607,632,264,266,256,196,318,297,325,315,272,320,285,370,655,530,540
17-09-2020,628,643,626,289,233,275,230,330,290,332,302,280,258,267,398,532,425,557
18-09-2020,592,620,652,294,280,289,210,315,293,292,317,275,295,272,332,260,532,518
19-09-2020,623,635,643,305,293,260,204,330,320,293,283,327,315,238,347,613,485,590
20-09-2020,679,611,619,284,258,297,198,330,287,292,298,342,322,333,270,295,360,518
21-09-2020,621,674,611,289,251,253,211,280,305,323,322,295,302,310,397,648,632,372
22-09-2020,636,666,611,300,345,412,219,293,297,338,312,383,340,337,377,637,587,570
23-09-2020,618,647,626,316,258,271,210,328,253,298,313,345,287,188,275,527,615,397
24-09-2020,641,633,610,280,270,354,223,313,298,295,297,285,353,340,370,350,603,738
25-09-2020,671,657,609,304,318,321,208,317,288,320,280,327,323,290,332,292,382,758
26-09-2020,622,675,636,280,390,210,198,345,270,352,313,302,322,223,402,570,548,570
27-09-2020,604,626,656,286,310,264,210,355,295,318,295,332,205,292,392,245,475,775
28-09-2020,601,600,650,278,273,331,192,300,298,320,328,352,282,270,383,635,582,728
29-09-2020,636,633,620,277,330,243,234,350,297,302,305,337,328,290,388,510,648,590
30-09-2020,677,661,634,260,348,274,189,350,330,308,307,327,342,317,285,425,347,763
01-10-2020,662,679,676,292,284,286,212,350,280,298,292,387,320,322,357,425,635,545
02-10-2020,661,683,646,293,267,365,224,315,288,345,303,347,258,247,353,605,493,595
03-10-2020,585,601,696,275,272,300,212,307,305,320,315,335,367,363,390,618,642,423
04-10-2020,623,650,659,287,338,363,204,333,307,322,303,307,247,263,400,638,410,410
05-10-2020,654,619,694,271,308,316,206,327,305,333,310,355,262,240,307,400,433,377
06-10-2020,669,636,656,290,278,371,200,277,290,297,302,365,320,227,437,338,330,522
07-10-2020,631,643,639,259,277,305,207,345,307,357,323,387,343,282,362,428,560,655
08-10-2020,638,625,651,323,287,351,207,327,293,295,328,298,307,295,373,275,497,720
09-10-2020,615,612,664,300,344,163,221,332,295,348,302,320,253,273,350,573,455,595
10-10-2020,620,658,596,303,276,388,218,333,285,327,322,308,267,293,272,603,548,475
11-10-2020,636,646,626,292,337,304,216,353,265,360,287,282,278,355,388,240,372,500
12-10-2020,600,605,596,295,333,196,214,325,295,287,327,340,283,280,335,338,373,428
13-10-2020,590,645,678,326,357,293,205,323,307,308,302,383,273,350,315,383,493,355
14-10-2020,643,608,572,265,389,499,200,347,303,335,303,340,337,195,352,637,467,613
15-10-2020,663,623,605,297,290,324,213,330,287,342,302,390,350,283,335,425,453,372
16-10-2020,654,648,637,334,290,259,222,308,303,307,295,318,295,205,412,635,330,453
17-10-2020,671,649,575,300,251,234,232,295,287,342,305,382,247,183,360,395,488,382
18-10-2020,657,665,632,285,250,339,216,227,172,195,205,228,318,302,387,320,635,562
19-10-2020,669,617,644,275,360,317,250,215,183,250,182,263,185,237,355,355,782,510
20-10-2020,596,658,588,280,392,160,216,217,173,212,215,297,302,257,300,750,522,792
21-10-2020,668,606,667,305,244,365,192,220,172,247,178,272,335,262,333,418,805,698
22-10-2020,632,642,618,290,292,226,190,242,180,187,237,252,353,268,328,523,797,475
23-10-2020,644,629,625,327,353,347,202,222,177,262,270,293,333,340,395,630,480,870
24-10-2020,642,687,625,291,285,245,210,225,167,240,200,257,352,323,400,490,703,840
25-10-2020,645,671,603,325,324,296,208,233,177,195,230,185,312,317,395,300,612,673
26-10-2020,606,632,608,278,323,230,223,222,180,247,193,188,333,183,293,378,617,955
27-10-2020,592,636,652,299,228,297,218,215,180,250,248,243,227,325,333,490,642,882
28-10-2020,632,658,628,316,355,242,216,203,167,198,193,272,300,223,393,732,467,772
29-10-2020,661,625,593,307,319,309,225,220,170,207,252,268,310,285,358,765,587,570
30-10-2020,596,665,671,290,251,333,200,218,185,253,247,205,335,298,317,510,780,468
31-10-2020,592,668,631,284,268,299,193,208,168,207,247,230,337,242,353,768,418,693
01-11-2020,593,661,680,310,339,362,217,190,182,223,253,232,333,138,375,378,805,913
02-11-2020,667,627,645,282,260,240,229,203,187,253,218,295,193,328,417,787,575,528
03-11-2020,592,613,589,289,275,404,231,217,183,220,265,192,368,305,333,505,835,865
04-11-2020,661,638,637,292,309,250,225,218,188,258,233,190,282,308,347,558,492,810
05-11-2020,602,624,676,284,270,315,214,233,155,188,202,277,302,188,343,835,445,432
06-11-2020,665,603,623,321,281,299,204,205,177,202,188,202,338,127,300,672,705,770
07-11-2020,660,608,577,286,263,281,207,218,178,192,235,203,328,218,393,685,517,655
08-11-2020,611,634,581,342,276,303,208,235,203,205,217,272,320,308,382,540,542,832
09-11-2020,619,591,617,304,249,367,219,207,145,190,212,200,335,313,270,310,462,838
10-11-2020,657,690,624,346,278,318,197,245,185,188,248,223,305,302,280,612,595,1002
11-11-2020,629,669,615,293,250,365,215,213,195,207,250,230,330,203,288,633,815,638
12-11-2020,682,677,655,283,294,222,219,233,173,220,245,195,257,187,303,440,547,643
13-11-2020,618,691,623,287,282,309,206,205,198,210,248,198,318,330,342,535,780,973
14-11-2020,663,648,598,325,292,300,249,185,198,213,235,220,343,267,273,638,505,595
15-11-2020,614,642,556,284,274,372,205,212,165,207,225,208,245,272,305,800,673,485
16-11-2020,619,666,658,285,337,411,202,203,192,223,183,258,320,368,283,635,535,582
17-11-2020,662,664,589,298,317,352,228,228,173,255,222,247,285,182,380,522,835,578
18-11-2020,657,617,696,313,308,313,229,228,197,188,170,192,158,273,365,673,595,605
19-11-2020,680,628,636,282,272,328,205,222,192,232,258,187,295,295,308,322,613,788
20-11-2020,637,600,621,308,371,330,201,195,183,235,220,250,273,307,345,500,653,547
21-11-2020,664,650,597,336,313,337,232,207,182,203,245,207,282,327,322,433,763,530
22-11-2020,618,624,696,333,302,345,209,218,180,273,190,272,270,260,352,352,667,945
23-11-2020,598,606,638,320,339,344,192,222,183,247,250,265,368,317,422,570,650,863
24-11-2020,644,642,592,319,269,324,207,215,168,182,215,215,285,303,383,703,450,697
25-11-2020,667,644,663,323,284,174,191,197,180,207,252,202,212,300,405,720,798,727
26-11-2020,675,649,615,308,287,272,212,218,163,183,218,273,263,292,308,677,822,595
27-11-2020,678,667,676,305,270,213,197,182,190,183,233,225,320,325,385,630,737,625
28-11-2020,606,690,649,315,338,235,219,228,185,225,235,248,318,255,387,520,535,788
29-11-2020,619,689,640,312,294,321,211,207,165,192,223,227,300,217,332,485,630,970
30-11-2020,620,627,632,283,243,275,227,215,178,222,255,185,312,302,242,655,500,792
01-12-2020,661,640,653,272,404,376,195,213,180,182,250,205,268,303,357,330,655,768
02-12-2020,620,671,606,304,295,262,188,205,163,192,258,247,202,317,300,787,438,565
03-12-2020,666,649,607,311,283,344,195,222,170,198,247,232,263,347,323,745,550,925
04-12-2020,656,674,633,289,320,263,216,190,167,203,235,225,263,288,372,818,815,943
05-12-2020,637,601,653,311,294,267,204,175,190,262,253,213,332,365,355,578,812,965
06-12-2020,595,673,616,297,320,318,199,210,200,215,252,208,265,345,252,390,710,810
07-12-2020,667,627,651,283,379,286,191,205,193,242,205,215,242,320,258,513,475,570
08-12-2020,644,673,589,322,379,303,202,187,162,217,200,208,240,293,378,332,633,457
09-12-2020,660,646,571,313,301,291,208,223,163,185,192,248,298,285,242,545,762,582
10-12-2020,665,623,624,303,324,340,205,225,170,262,247,280,342,272,335,495,420,835
11-12-2020,664,615,644,312,313,262,224,188,180,197,230,237,330,335,383,625,550,792
12-12-2020,607,681,571,312,278,315,182,232,185,250,203,195,288,292,348,498,683,740
13-12-2020,664,594,628,291,277,273,208,208,152,222,193,267,300,223,383,480,565,620
14-12-2020,669,666,692,302,349,247,215,212,163,235,255,272,265,292,317,440,730,663
15-12-2020,647,674,578,296,327,243,222,215,163,237,192,275,320,305,408,510,535,660
16-12-2020,668,645,575,286,339,270,203,192,187,235,240,205,162,273,388,473,745,443
17-12-2020,631,639,622,282,309,307,208,198,175,233,235,213,282,327,343,347,635,823
18-12-2020,623,650,594,297,313,212,209,220,183,217,243,240,285,278,330,382,660,793
19-12-2020,599,610,651,321,303,338,203,215,165,255,212,218,298,248,382,585,445,917
20-12-2020,606,640,571,315,254,196,191,223,157,268,195,227,347,282,370,575,822,890
21-12-2020,679,661,597,267,305,385,232,212,195,205,213,230,337,295,335,377,588,985
22-12-2020,628,652,649,284,323,200,225,228,152,223,180,192,268,302,302,720,450,858
23-12-2020,657,649,653,316,276,269,196,225,165,252,252,257,305,293,408,562,805,432
24-12-2020,649,667,657,314,309,342,189,210,175,218,257,283,302,293,360,470,720,712
25-12-2020,614,662,674,335,331,328,229,217,167,240,232,268,313,202,358,330,775,453
26-12-2020,610,671,660,291,375,146,221,220,172,200,247,257,198,265,322,802,425,955
27-12-2020,590,610,638,319,281,385,220,217,180,248,245,298,265,350,417,650,468,853
28-12-2020,655,649,623,304,303,183,212,213,197,225,272,227,255,307,190,647,582,612
29-12-2020,663,703,625,293,273,275,224,228,158,178,227,263,323,278,382,617,800,805
30-12-2020,691,644,603,279,272,258,211,223,188,188,243,255,348,263,393,542,655,865
31-12-2020,590,605,582,312,287,210,199,222,162,225,225,185,318,365,370,650,495,822
01-01-2021,635,640,648,330,317,383,186,203,163,198,217,202,237,180,387,450,822,725
02-01-2021,620,637,677,284,360,352,181,218,190,263,207,200,260,285,312,715,638,930
03-01-2021,636,668,683,275,290,384,201,220,183,188,207,245,290,335,358,390,792,955
04-01-2021,655,653,618,299,289,271,205,222,180,265,275,302,258,280,353,480,455,990
05-01-2021,656,630,602,280,226,366,191,207,170,192,205,212,315,220,372,510,667,822
06-01-2021,607,661,599,295,279,259,208,205,170,238,197,220,300,315,335,495,500,607
07-01-2021,633,622,630,275,293,304,207,210,173,220,255,240,223,240,280,397,565,528
08-01-2021,626,617,695,315,294,246,199,220,178,175,225,263,287,255,340,490,515,543
09-01-2021,664,636,679,331,265,334,216,222,180,258,195,245,310,325,310,835,660,607
10-01-2021,643,688,582,271,406,343,224,203,192,192,197,187,293,365,330,745,602,570
11-01-2021,652,668,613,313,301,382,198,235,153,262,253,298,282,308,390,810,530,458
12-01-2021,673,650,681,319,364,310,219,193,160,247,200,293,288,310,382,635,715,793
13-01-2021,654,630,630,293,267,280,216,218,188,252,182,202,312,213,388,453,438,830
14-01-2021,597,662,633,285,301,329,227,217,182,227,233,287,302,330,337,510,838,1002
15-01-2021,654,614,664,286,268,308,210,215,183,198,212,288,342,298,373,520,802,617
16-01-2021,620,667,664,330,298,217,211,222,178,248,220,292,302,230,327,663,620,510
17-01-2021,653,669,639,313,284,349,195,190,160,217,188,280,312,327,257,317,642,572
18-01-2021,651,632,574,326,401,328,202,193,143,153,182,155,248,347,342,408,492,422
19-01-2021,665,660,697,311,259,338,207,193,115,147,143,150,307,273,325,497,398,433
20-01-2021,631,667,661,268,269,182,197,207,163,145,207,195,307,317,378,360,407,763
21-01-2021,605,606,631,287,290,402,216,175,125,170,207,187,290,282,277,310,527,857
22-01-2021,615,663,656,319,278,281,197,207,148,163,205,165,298,310,275,415,643,850
23-01-2021,613,607,662,334,290,308,202,162,143,143,202,158,295,348,312,390,625,772
24-01-2021,649,624,635,284,378,279,209,183,150,155,165,178,332,325,400,583,475,862
25-01-2021,608,687,582,274,245,294,216,195,138,172,170,142,317,245,203,330,613,390
26-01-2021,596,666,663,322,362,381,195,145,140,155,153,190,265,338,397,372,715,810
27-01-2021,668,668,593,292,331,153,215,193,125,168,165,195,258,225,380,313,667,542
28-01-2021,670,646,704,326,311,407,206,202,140,162,202,150,328,342,378,305,530,720
29-01-2021,686,615,680,307,324,273,188,182,128,133,187,145,268,328,363,323,712,575
30-01-2021,603,671,643,300,331,342,192,207,145,133,202,187,283,310,390,385,510,665
31-01-2021,626,675,673,277,282,160,192,197,148,150,165,192,352,338,417,510,527,648
01-02-2021,658,631,610,309,363,245,190,193,137,170,207,162,287,352,285,703,410,422
02-02-2021,659,667,615,271,308,261,208,208,152,133,207,153,310,297,372,500,475,490
03-02-2021,616,645,651,296,286,343,196,192,128,157,152,187,318,192,390,585,585,505
04-02-2021,653,622,643,296,280,249,190,188,138,160,133,138,282,273,372,343,390,637
05-02-2021,654,631,597,318,274,327,198,193,133,150,135,170,272,232,395,282,505,435
06-02-2021,635,608,583,303,265,286,218,182,142,153,187,195,288,307,288,648,595,852
07-02-2021,656,618,611,311,294,369,216,173,137,143,185,195,333,260,350,625,633,577
08-02-2021,659,603,597,289,283,193,228,197,147,153,208,173,328,210,397,683,672,602
09-02-2021,627,653,640,281,282,293,207,177,143,168,228,148,307,248,298,513,720,535
10-02-2021,661,672,649,298,267,329,208,192,140,155,180,143,298,205,343,258,470,558
11-02-2021,610,671,580,274,266,224,226,177,147,137,203,148,288,317,315,622,552,620
12-02-2021,644,593,604,312,347,298,218,160,142,173,208,148,282,327,353,368,510,835
13-02-2021,667,666,666,315,285,292,216,162,138,148,205,143,275,355,230,630,540,742
14-02-2021,628,620,652,307,318,266,201,202,143,148,215,200,213,310,332,707,368,828
15-02-2021,625,612,591,327,317,275,203,213,123,152,197,142,203,223,390,415,505,713
16-02-2021,611,697,604,293,365,358,185,193,157,142,162,180,343,247,303,542,540,560
17-02-2021,666,649,612,280,271,322,212,190,142,162,213,167,345,330,313,565,647,790
18-02-2021,625,666,649,280,287,317,212,165,152,127,205,190,252,342,317,498,535,785
19-02-2021,654,675,660,288,340,306,215,207,142,130,168,147,233,307,395,392,415,587
20-02-2021,660,618,619,305,402,297,229,157,147,152,195,143,347,258,365,265,473,607
21-02-2021,607,642,648,281,262,265,218,180,162,137,148,180,272,223,310,398,635,572
22-02-2021,640,676,580,330,331,368,232,205,145,163,212,128,310,228,280,352,655,723
23-02-2021,657,642,614,322,287,419,231,153,150,132,150,148,293,328,390,442,532,810
24-02-2021,665,584,580,272,317,389,212,178,142,147,150,142,275,228,332,313,510,532
25-02-2021,634,595,575,286,329,203,207,190,113,162,177,207,338,320,360,412,622,610
26-02-2021,659,588,608,297,266,312,190,200,167,138,155,172,323,245,282,673,660,415
27-02-2021,588,606,701,306,260,443,199,168,150,157,168,202,257,307,330,257,505,742
28-02-2021,688,654,650,313,347,276,208,203,132,165,183,145,228,257,333,338,432,488
01-03-2021,648,612,681,277,303,482,205,192,137,153,208,162,257,248,422,483,633,762
02-03-2021,658,633,585,323,246,174,186,193,153,157,163,157,322,282,267,720,673,485
03-03-2021,645,617,616,320,270,285,229,205,123,167,160,180,272,143,350,685,378,415
04-03-2021,644,654,595,308,304,374,215,162,135,157,203,153,275,207,372,325,480,523
05-03-2021,628,630,577,286,284,393,180,178,150,142,215,175,360,213,373,293,533,667
06-03-2021,653,619,684,326,319,380,209,210,130,130,175,185,328,358,373,578,380,582
07-03-2021,597,579,661,294,274,264,214,158,122,163,213,128,258,328,370,330,685,592
08-03-2021,606,621,589,293,283,255,184,180,153,137,185,152,325,332,378,438,493,523
09-03-2021,611,652,618,341,289,225,213,193,143,160,145,123,270,303,208,502,583,382
10-03-2021,643,651,695,299,314,349,222,200,143,160,158,153,300,295,310,348,480,682
11-03-2021,623,632,680,297,322,349,191,192,153,162,195,202,277,303,347,282,530,690
12-03-2021,623,674,672,320,315,344,197,182,142,130,197,143,188,355,375,265,542,432
13-03-2021,658,655,588,298,303,336,220,195,145,163,202,158,297,272,338,678,637,823
14-03-2021,643,639,609,301,326,253,184,158,143,147,197,153,240,247,308,438,520,390
15-03-2021,612,634,569,310,348,340,192,207,150,142,158,132,312,327,368,540,552,740
16-03-2021,663,615,636,283,338,294,222,173,143,152,193,172,330,225,283,343,625,392
17-03-2021,647,659,612,308,319,212,197,212,155,155,155,155,312,293,382,473,382,817
18-03-2021,661,602,576,278,265,280,218,167,127,140,215,178,205,338,355,410,360,780
19-03-2021,648,625,565,304,304,352,218,185,140,173,205,207,287,342,315,467,430,485
20-03-2021,669,625,667,299,280,322,194,178,135,340,315,337,282,315,363,470,415,432
21-03-2021,650,621,627,296,290,300,191,168,150,293,328,363,303,213,340,575,367,570
22-03-2021,608,672,587,294,269,294,206,208,152,295,332,297,302,348,347,467,643,695
23-03-2021,634,652,602,320,333,330,213,208,145,325,328,297,277,220,382,287,420,440
24-03-2021,649,677,646,286,309,407,188,210,128,338,315,367,283,342,340,330,700,445
25-03-2021,651,617,681,301,281,213,188,185,130,365,295,297,315,280,237,445,592,480
26-03-2021,643,612,691,267,250,249,193,167,138,330,288,358,267,282,317,360,483,703
27-03-2021,605,631,617,300,284,409,200,175,153,338,283,287,357,303,402,360,585,480
28-03-2021,649,601,656,299,317,331,199,185,143,325,280,378,358,263,297,385,540,365
29-03-2021,644,666,609,282,245,251,177,195,123,308,300,352,340,302,313,685,420,390
30-03-2021,649,669,704,319,274,295,194,193,143,295,292,320,257,325,365,287,532,750
31-03-2021,648,621,674,290,276,187,186,173,152,348,322,283,277,270,305,313,412,497
01-04-2021,633,649,693,274,319,306,185,213,138,347,318,327,328,238,380,585,685,368
02-04-2021,599,659,683,326,289,327,218,212,138,310,300,405,275,287,300,433,432,702
03-04-2021,665,666,650,261,260,384,205,213,162,283,302,305,268,287,317,290,493,755
04-04-2021,667,637,574,283,303,248,192,205,140,298,293,293,177,340,290,668,517,835
05-04-2021,631,636,666,335,335,300,186,185,155,347,320,328,275,268,388,647,510,712
06-04-2021,636,649,620,275,281,287,203,180,125,332,288,353,320,343,358,460,605,485
07-04-2021,633,655,587,278,270,206,196,172,123,288,295,332,320,287,403,595,415,412
08-04-2021,671,685,567,266,282,351,204,172,152,340,283,325,313,308,320,433,488,798
09-04-2021,621,656,676,285,262,281,186,208,133,327,285,318,323,272,357,445,715,755
10-04-2021,624,640,701,277,280,286,181,180,152,363,287,348,292,312,360,402,588,453
11-04-2021,660,628,627,311,289,313,201,195,145,338,318,392,212,305,257,428,463,693
12-04-2021,627,609,579,320,310,233,185,207,120,338,323,277,250,248,302,457,467,552
13-04-2021,634,638,693,274,258,326,191,178,147,348,292,300,283,330,335,325,445,820
14-04-2021,589,590,653,312,266,269,186,195,145,365,287,303,278,273,398,600,620,410
15-04-2021,667,689,589,291,307,212,208,197,150,307,287,308,282,340,360,290,473,365
16-04-2021,669,621,628,321,276,240,190,223,157,293,292,387,243,268,397,555,468,802
17-04-2021,654,601,598,277,330,227,206,203,132,347,320,318,293,228,358,707,510,490
18-04-2021,599,662,643,288,300,342,177,182,125,315,285,365,315,315,277,323,660,412
19-04-2021,624,677,613,277,261,254,193,200,143,367,333,367,267,278,215,330,600,402
20-04-2021,638,615,680,272,255,204,198,200,127,305,298,277,185,270,407,325,403,643
21-04-2021,656,648,582,276,260,312,183,188,123,335,338,337,303,315,293,510,473,520
22-04-2021,635,623,586,270,266,342,208,217,160,283,298,377,265,322,327,388,377,622
23-04-2021,630,669,595,297,269,345,197,175,167,295,332,307,268,327,405,485,302,378
24-04-2021,671,650,694,276,315,187,200,188,135,363,323,327,333,357,282,530,383,673
25-04-2021,628,663,606,322,231,319,205,185,140,350,323,358,213,217,260,587,470,605
26-04-2021,648,643,679,274,266,313,195,197,142,360,347,330,318,267,360,422,522,593
27-04-2021,670,683,607,275,259,258,192,188,130,342,293,363,282,350,377,395,547,623
28-04-2021,633,638,682,287,333,297,225,195,153,285,312,303,278,282,378,522,502,515
29-04-2021,609,603,580,279,337,256,192,168,130,332,280,278,287,327,387,463,545,678
30-04-2021,617,600,612,317,316,302,195,185,147,320,302,332,295,288,352,418,300,565
01-05-2021,577,610,638,316,324,317,204,190,138,278,298,308,287,340,325,362,372,698
02-05-2021,618,645,694,289,366,295,198,173,143,320,293,372,357,345,378,458,522,342
03-05-2021,667,623,582,278,240,310,218,178,125,315,327,315,233,340,382,343,570,360
04-05-2021,657,664,593,289,306,161,203,187,157,350,293,297,272,235,310,217,480,450
05-05-2021,607,665,585,312,256,250,215,162,147,357,328,325,232,262,400,360,550,540
06-05-2021,616,612,655,313,318,313,181,182,140,278,338,260,343,252,382,325,560,600
07-05-2021,659,677,715,294,296,418,203,190,143,348,307,293,248,280,397,340,307,398
08-05-2021,619,657,644,282,336,301,209,197,138,293,290,350,268,263,383,505,595,455
09-05-2021,655,635,607,327,285,380,197,205,110,343,308,320,247,312,342,360,468,467
10-05-2021,625,630,649,290,281,176,178,195,162,363,332,307,307,315,307,530,587,413
11-05-2021,639,641,608,305,337,278,189,195,138,358,290,392,273,298,317,280,547,480
12-05-2021,661,688,634,300,321,297,229,208,143,323,327,332,287,285,370,588,342,463
13-05-2021,679,629,586,312,318,322,216,190,168,298,295,328,292,337,405,260,428,475
14-05-2021,646,646,697,317,303,230,218,158,152,360,320,347,222,337,340,553,600,583
15-05-2021,657,626,639,310,324,261,181,210,145,300,318,340,307,312,278,278,452,575
16-05-2021,626,620,648,276,314,354,216,180,133,308,297,350,258,308,337,265,355,300
17-05-2021,627,596,635,284,316,132,186,170,152,298,322,345,335,332,262,360,438,535
18-05-2021,600,696,648,303,275,274,193,180,145,287,292,332,222,298,403,272,390,490
19-05-2021,691,656,609,275,294,310,193,170,142,312,282,362,270,193,242,545,570,308
20-05-2021,613,655,683,287,322,236,199,312,295,295,310,337,270,320,225,295,450,312
21-05-2021,616,667,698,318,350,284,187,293,300,350,297,300,282,318,357,600,570,428
22-05-2021,651,668,603,307,310,264,216,320,275,282,307,303,162,310,335,388,535,535
23-05-2021,664,643,673,288,303,338,204,355,270,352,320,288,272,247,340,552,492,473
24-05-2021,639,628,559,329,281,309,203,327,275,303,323,382,368,263,380,352,385,697
25-05-2021,670,636,584,299,312,347,184,305,268,293,302,323,220,322,357,480,312,650
26-05-2021,675,635,617,285,273,353,188,307,287,300,288,277,353,303,388,588,398,515
27-05-2021,660,644,624,312,242,328,198,345,288,355,307,377,205,292,293,383,425,630
28-05-2021,693,620,567,305,274,218,202,362,290,310,317,340,280,273,322,570,570,317
29-05-2021,642,617,620,339,315,254,220,312,293,333,307,350,348,300,360,582,443,460
30-05-2021,640,637,641,284,312,344,203,273,308,342,322,343,282,348,313,265,565,305
31-05-2021,655,656,559,267,332,292,199,288,287,298,308,358,318,278,427,540,588,403
01-06-2021,658,660,619,291,319,207,227,367,262,310,307,390,267,350,428,592,343,437
02-06-2021,620,616,619,291,334,270,219,275,282,308,310,310,293,270,390,425,422,502
03-06-2021,631,659,609,306,345,276,195,297,283,323,325,315,265,308,337,248,342,480
04-06-2021,653,639,595,292,331,306,208,317,302,337,313,308,305,250,305,558,595,320
05-06-2021,674,660,654,319,348,344,204,330,278,362,293,322,312,267,315,575,593,473
06-06-2021,677,619,659,295,283,224,193,280,303,318,285,353,235,277,382,422,377,560
07-06-2021,625,642,625,300,324,246,205,323,290,315,283,277,317,260,363,287,445,395
08-06-2021,676,607,645,289,276,247,205,330,297,308,307,332,327,168,360,470,355,595
09-06-2021,663,628,636,283,302,275,214,318,272,313,285,278,345,322,333,325,432,545
10-06-2021,651,628,660,314,298,350,210,335,295,313,317,357,258,322,362,548,445,653
11-06-2021,635,610,637,326,362,227,204,313,312,307,322,383,328,333,310,425,305,672
12-06-2021,652,670,633,321,261,276,192,298,292,322,280,307,307,248,292,373,395,662
13-06-2021,634,668,648,338,305,178,202,295,262,293,310,360,295,300,352,572,365,445
14-06-2021,666,649,665,278,316,120,198,348,280,287,313,358,345,263,313,302,535,642
15-06-2021,635,639,659,331,310,234,190,367,300,308,292,283,332,308,308,442,515,407
16-06-2021,668,585,571,298,268,302,208,350,305,303,317,385,317,298,377,515,553,407
17-06-2021,599,601,672,274,311,148,221,295,298,287,298,332,318,317,263,362,548,668
18-06-2021,631,597,612,324,331,160,204,315,288,310,325,347,318,358,390,242,527,583
19-06-2021,652,620,677,278,308,295,206,315,285,332,333,302,332,232,377,415,505,440
20-06-2021,623,605,598,320,273,222,219,330,290,305,298,355,293,283,240,360,340,383
21-06-2021,602,647,573,298,289,428,195,342,270,358,327,327,325,342,278,253,342,317
22-06-2021,653,592,634,278,334,273,202,300,305,307,315,362,248,193,375,565,485,648
23-06-2021,613,598,562,325,311,279,203,355,277,345,317,327,293,315,383,257,575,312
24-06-2021,625,647,604,295,229,241,186,330,317,342,307,367,323,313,310,505,455,305
25-06-2021,648,683,579,314,247,406,218,358,263,332,317,342,250,310,310,515,480,330
26-06-2021,678,649,647,277,311,349,226,305,290,300,307,328,263,342,312,300,582,468
27-06-2021,648,634,680,316,342,231,200,350,298,332,322,322,322,270,287,295,408,505
28-06-2021,652,623,658,296,279,283,195,335,295,290,290,278,297,235,388,420,500,418
29-06-2021,653,618,579,285,312,269,209,350,287,302,283,355,318,313,333,540,575,643
30-06-2021,650,648,589,311,291,373,216,320,278,317,283,312,255,252,350,582,570,372
01-07-2021,640,637,613,298,308,359,206,348,267,315,307,398,265,275,272,462,365,660
02-07-2021,610,624,601,285,265,278,192,297,295,322,292,343,310,240,295,290,310,535
03-07-2021,614,605,606,284,294,260,194,310,280,333,302,302,292,338,240,292,510,480
04-07-2021,660,674,662,298,252,316,187,333,305,313,323,385,265,228,383,360,565,420
05-07-2021,666,636,592,315,332,340,213,337,283,338,313,338,283,242,393,240,335,390
06-07-2021,659,625,673,272,297,332,198,315,288,323,318,347,235,232,298,402,340,712
07-07-2021,648,656,580,260,260,199,216,285,283,290,317,267,315,290,388,302,403,455
08-07-2021,642,668,669,324,241,343,192,335,273,318,323,333,293,362,250,565,497,310
09-07-2021,607,590,660,317,361,243,216,315,293,325,328,353,268,328,343,530,570,510
10-07-2021,622,688,706,288,323,306,224,332,313,347,298,332,270,288,393,347,385,347
11-07-2021,587,679,551,336,372,433,188,297,295,333,307,322,353,252,427,587,348,425
12-07-2021,616,638,617,322,334,346,191,335,282,290,275,340,290,287,348,457,390,433
13-07-2021,619,639,633,334,279,177,193,313,278,290,318,295,173,175,368,462,338,498
14-07-2021,630,606,637,319,308,268,198,300,262,298,283,365,282,327,400,258,428,707
15-07-2021,654,621,676,268,337,284,227,333,287,347,317,337,345,257,302,505,372,575
16-07-2021,628,672,677,286,345,259,186,285,270,342,312,355,307,175,288,445,385,650
17-07-2021,675,605,614,263,273,363,220,295,320,297,327,300,305,270,353,572,313,697
18-07-2021,636,647,669,287,307,394,207,335,297,323,327,398,278,315,330,347,565,617
19-07-2021,616,609,693,318,287,323,214,352,293,332,302,292,340,328,375,498,407,612
20-07-2021,641,656,672,299,335,318,187,340,302,320,317,315,308,312,325,528,467,412
21-07-2021,655,647,692,289,320,314,185,292,310,322,308,357,255,285,333,445,302,605
22-07-2021,658,622,598,288,305,250,222,350,287,300,308,347,285,262,345,445,335,312
23-07-2021,662,693,730,277,340,287,206,323,305,317,287,275,302,315,320,318,497,578
24-07-2021,657,644,680,308,316,258,217,282,278,295,283,362,282,260,307,470,377,582
25-07-2021,612,651,662,292,318,311,204,308,303,333,298,357,268,322,252,262,455,630
26-07-2021,659,657,690,285,300,251,187,340,287,345,338,338,318,188,347,360,553,355
27-07-2021,647,633,630,316,252,370,197,305,298,362,285,355,228,317,405,295,462,565
28-07-2021,692,644,639,283,268,326,220,295,293,360,295,325,268,367,385,522,450,612
29-07-2021,701,621,589,274,256,308,203,365,310,348,295,355,255,338,313,372,570,570
30-07-2021,628,606,651,320,280,340,187,283,273,302,342,307,280,345,368,282,313,665
31-07-2021,598,596,610,291,308,210,179,320,252,318,285,372,342,232,332,312,535,648
01-08-2021,637,591,688,317,325,313,178,335,287,335,333,318,292,352,233,367,552,300
02-08-2021,686,642,669,292,240,240,221,305,300,330,298,392,245,233,413,545,510,552
03-08-2021,624,608,670,290,301,306,207,337,278,352,307,273,282,292,325,590,505,665
04-08-2021,656,644,679,275,345,230,197,330,300,352,313,307,332,267,368,395,460,385
05-08-2021,668,652,639,273,282,390,216,350,303,350,307,372,218,302,345,400,338,672
06-08-2021,654,655,687,269,265,296,199,315,307,332,323,333,293,230,378,235,380,577
07-08-2021,602,610,589,332,300,252,204,302,318,348,298,325,325,280,370,487,560,433
08-08-2021,590,623,667,307,281,213,216,310,287,287,285,362,293,353,405,520,505,352
09-08-2021,601,631,575,299,274,322,228,310,282,328,298,378,312,277,320,462,472,583
10-08-2021,627,670,603,321,296,333,213,348,267,362,282,375,288,285,357,557,535,600
11-08-2021,682,680,626,315,261,283,203,295,280,338,335,390,323,298,355,245,475,390
12-08-2021,661,616,693,299,263,428,186,357,248,280,313,315,320,227,308,373,482,490
13-08-2021,619,647,604,273,309,237,217,355,285,323,293,395,317,290,353,253,373,552
14-08-2021,612,628,712,307,337,338,216,345,293,285,305,348,262,285,310,332,527,547
15-08-2021,669,687,624,294,273,249,188,300,290,330,303,337,237,250,288,592,522,600
16-08-2021,600,662,599,307,357,205,190,362,300,347,280,315,262,253,367,270,337,332
17-08-2021,639,657,691,296,332,505,202,352,310,325,300,350,265,208,390,535,550,378
18-08-2021,626,691,680,329,285,249,216,347,285,287,297,355,327,300,403,350,560,305
19-08-2021,599,655,672,292,241,176,176,325,297,310,323,322,308,293,288,395,558,305
20-08-2021,635,655,706,275,292,208,205,347,285,287,297,355,293,353,405,520,505,352
21-08-2021,648,671,631,271,331,356,198,290,310,350,327,298,312,277,320,462,472,583
22-08-2021,636,614,703,297,281,310,226,350,297,347,318,350,288,285,357,557,535,600
23-08-2021,631,647,683,288,297,295,219,300,298,287,322,380,323,298,355,245,475,390
24-08-2021,590,680,720,291,259,279,215,345,263,328,325,367,320,227,308,373,482,490
25-08-2021,614,623,586,312,303,220,204,338,310,365,330,380,317,290,353,253,373,552
26-08-2021,646,658,686,274,313,340,234,330,295,337,288,373,262,285,310,332,527,547
27-08-2021,626,659,591,303,285,395,192,317,295,287,313,283,237,250,288,592,522,600
28-08-2021,656,637,628,274,325,279,206,287,300,297,302,348,262,253,367,270,337,332
29-08-2021,617,611,650,337,285,226,209,285,270,330,320,370,265,208,390,535,550,378
30-08-2021,620,636,586,274,305,233,214,287,318,350,320,280,327,300,403,350,560,305
31-08-2021,607,638,613,316,253,334,241,362,285,308,335,387,308,293,288,395,558,305
01-09-2021,612,675,583,300,282,258,211,342,300,305,290,322,345,257,302,505,372,575
02-09-2021,639,619,694,318,308,450,213,277,308,280,293,385,307,175,288,445,385,650
03-09-2021,646,622,604,285,297,308,200,332,300,297,310,340,305,270,353,572,313,697
04-09-2021,656,590,624,289,316,372,221,310,248,333,302,385,278,315,330,347,565,617
05-09-2021,583,644,610,311,241,181,200,312,295,298,338,383,340,328,375,498,407,612
06-09-2021,644,669,628,273,288,251,207,275,270,350,310,300,308,312,325,528,467,412
07-09-2021,641,646,628,294,341,299,222,330,293,305,283,347,255,285,333,445,302,605
08-09-2021,677,598,670,294,335,284,205,352,310,328,277,337,285,262,345,445,335,312
09-09-2021,635,655,586,280,271,285,199,335,278,317,310,318,302,315,320,318,497,578
10-09-2021,608,613,574,298,258,267,229,287,305,340,323,365,282,260,307,470,377,582
11-09-2021,609,656,600,286,276,294,198,315,267,322,342,343,268,322,252,262,455,630
12-09-2021,660,633,719,306,270,257,213,312,292,318,275,308,318,188,347,360,553,355
13-09-2021,647,605,655,289,288,329,220,305,310,357,298,398,228,317,405,295,462,565
14-09-2021,650,655,670,319,256,194,219,308,303,313,305,267,268,367,385,522,450,612
15-09-2021,657,624,685,270,390,277,207,308,305,300,333,328,255,338,313,372,570,570
16-09-2021,665,581,566,331,353,264,222,313,265,287,283,343,280,345,368,282,313,665
17-09-2021,650,642,614,340,318,405,196,318,297,325,315,272,342,232,332,312,535,648
18-09-2021,654,617,674,293,217,272,230,330,290,332,302,280,292,352,233,367,552,300
19-09-2021,640,617,696,271,251,198,210,315,293,292,317,275,245,233,413,545,510,552
20-09-2021,662,633,639,305,300,384,204,330,320,293,283,327,282,292,325,590,505,665
21-09-2021,633,675,594,331,281,255,198,330,287,292,298,342,332,267,368,395,460,385
22-09-2021,630,678,651,293,279,278,211,280,305,323,322,295,218,302,345,400,338,672
23-09-2021,691,629,679,291,254,394,219,293,297,338,312,383,293,230,378,235,380,577
24-09-2021,632,621,664,321,306,247,210,328,253,298,313,345,325,280,370,487,560,433
25-09-2021,617,651,653,294,283,272,223,313,298,295,297,285,300,292,327,382,480,562
26-09-2021,686,602,648,328,340,235,208,317,288,320,280,327,303,242,275,502,415,750
27-09-2021,640,675,692,311,264,253,198,345,270,352,313,302,265,208,378,612,365,720
28-09-2021,622,663,621,308,397,365,210,355,295,318,295,332,263,312,323,495,392,665
29-09-2021,610,613,619,289,322,321,192,300,298,320,328,352,317,257,297,575,613,643
30-09-2021,625,625,658,290,284,308,234,350,297,302,305,337,363,208,322,505,520,423
01-10-2021,634,670,597,319,281,314,189,350,330,308,307,327,265,323,417,495,415,700
02-10-2021,639,607,570,292,271,352,212,350,280,298,292,387,288,215,337,632,610,588
03-10-2021,660,646,726,303,297,321,224,315,288,345,303,347,253,353,348,593,557,750
04-10-2021,628,635,680,280,293,238,212,307,305,320,315,335,330,187,387,265,643,482
05-10-2021,673,645,673,300,272,245,204,333,307,322,303,307,318,292,343,278,433,480
06-10-2021,632,611,626,286,294,238,206,327,305,333,310,355,333,297,298,547,620,557
07-10-2021,612,605,595,263,308,366,200,277,290,297,302,365,228,252,407,482,338,617
08-10-2021,666,654,657,270,304,327,207,345,307,357,323,387,325,348,403,283,543,380
09-10-2021,636,604,652,309,269,176,207,327,293,295,328,298,290,305,292,560,557,330
10-10-2021,605,613,602,319,423,238,221,332,295,348,302,320,272,342,250,377,480,540
11-10-2021,648,662,693,286,282,328,218,333,285,327,322,308,322,263,372,240,330,543
12-10-2021,658,638,591,310,289,254,216,353,265,360,287,282,282,250,393,482,655,553
13-10-2021,638,694,601,305,274,406,214,325,295,287,327,340,330,295,353,438,625,365
14-10-2021,612,650,584,293,331,182,205,323,307,308,302,383,322,327,370,322,330,715
15-10-2021,648,658,693,285,337,278,200,347,303,335,303,340,295,365,337,290,522,612
16-10-2021,679,634,577,294,377,326,213,330,287,342,302,390,293,338,298,407,445,515
17-10-2021,675,631,596,299,262,401,222,308,303,307,295,318,352,285,383,390,395,460
18-10-2021,643,691,665,315,288,381,232,295,287,342,305,382,345,233,263,467,620,343
19-10-2021,620,621,617,305,375,268,216,227,172,195,205,228,272,300,362,600,425,362
20-10-2021,606,620,688,313,290,293,250,215,183,250,182,263,243,303,355,650,505,427
21-10-2021,629,634,681,300,262,395,216,217,173,212,215,297,358,247,315,548,595,767
22-10-2021,679,684,701,327,321,275,192,220,172,247,178,272,320,285,370,655,530,540
23-10-2021,652,668,680,329,291,428,190,242,180,187,237,252,258,267,398,532,425,557
24-10-2021,671,643,637,288,251,297,202,222,177,262,270,293,295,272,332,260,532,518
25-10-2021,681,610,623,305,257,295,210,225,167,240,200,257,315,238,347,613,485,590
26-10-2021,668,609,618,271,277,424,208,233,177,195,230,185,322,333,270,295,360,518
27-10-2021,693,610,598,282,326,451,223,222,180,247,193,188,302,310,397,648,632,372
28-10-2021,613,626,670,269,248,295,218,215,180,250,248,243,340,337,377,637,587,570
29-10-2021,665,629,672,327,305,227,216,203,167,198,193,272,287,188,275,527,615,397
30-10-2021,642,607,596,328,334,343,225,220,170,207,252,268,353,340,370,350,603,738
31-10-2021,646,662,659,282,314,227,200,218,185,253,247,205,323,290,332,292,382,758
01-11-2021,616,643,586,298,249,270,193,208,168,207,247,230,322,223,402,570,548,570
02-11-2021,610,660,593,302,258,249,217,190,182,223,253,232,205,292,392,245,475,775
03-11-2021,657,687,695,287,290,272,229,203,187,253,218,295,282,270,383,635,582,728
04-11-2021,699,600,650,303,203,334,231,217,183,220,265,192,328,290,388,510,648,590
05-11-2021,664,635,596,306,242,345,225,218,188,258,233,190,342,317,285,425,347,763
06-11-2021,609,648,618,338,351,348,214,233,155,188,202,277,320,322,357,425,635,545
07-11-2021,654,644,610,288,335,229,204,205,177,202,188,202,258,247,353,605,493,595
08-11-2021,615,596,597,269,323,260,207,218,178,192,235,203,367,363,390,618,642,423
09-11-2021,668,651,616,325,330,327,208,235,203,205,217,272,247,263,400,638,410,410
10-11-2021,642,634,577,319,291,309,219,207,145,190,212,200,262,240,307,400,433,377
11-11-2021,646,651,583,318,316,256,197,245,185,188,248,223,320,227,437,338,330,522
12-11-2021,657,669,555,305,309,327,215,213,195,207,250,230,343,282,362,428,560,655
13-11-2021,624,622,580,317,329,267,219,233,173,220,245,195,307,295,373,275,497,720
14-11-2021,615,653,636,309,297,358,206,205,198,210,248,198,253,273,350,573,455,595
15-11-2021,647,617,610,316,314,270,249,185,198,213,235,220,267,293,272,603,548,475
16-11-2021,633,651,566,300,296,276,205,212,165,207,225,208,278,355,388,240,372,500
17-11-2021,610,651,608,289,288,368,202,203,192,223,183,258,283,280,335,338,373,428
18-11-2021,604,647,707,304,291,410,228,228,173,255,222,247,273,350,315,383,493,355
19-11-2021,603,623,593,326,353,335,229,228,197,188,170,192,337,195,352,637,467,613
20-11-2021,613,689,613,315,319,266,205,222,192,232,258,187,350,283,335,425,453,372
21-11-2021,654,612,671,314,281,336,201,195,183,235,220,250,295,205,412,635,330,453
22-11-2021,632,618,627,300,345,285,232,207,182,203,245,207,247,183,360,395,488,382
23-11-2021,605,638,575,313,308,302,209,218,180,273,190,272,318,302,387,320,635,562
24-11-2021,634,636,572,300,340,267,192,222,183,247,250,265,185,237,355,355,782,510
25-11-2021,664,665,636,284,297,302,207,215,168,182,215,215,302,257,300,750,522,792
26-11-2021,647,639,610,313,306,206,191,197,180,207,252,202,335,262,333,418,805,698
27-11-2021,656,642,670,270,324,342,212,218,163,183,218,273,353,268,328,523,797,475
28-11-2021,582,618,596,301,319,342,197,182,190,183,233,225,333,340,395,630,480,870
29-11-2021,617,638,664,317,324,343,219,228,185,225,235,248,352,323,400,490,703,840
30-11-2021,673,655,643,291,281,338,211,207,165,192,223,227,312,317,395,300,612,673
01-12-2021,669,653,680,297,274,384,227,215,178,222,255,185,333,183,293,378,617,955
02-12-2021,678,594,624,328,284,250,195,213,180,182,250,205,227,325,333,490,642,882
03-12-2021,634,595,641,336,283,380,188,205,163,192,258,247,300,223,393,732,467,772
04-12-2021,626,630,648,278,304,313,195,222,170,198,247,232,310,285,358,765,587,570
05-12-2021,689,620,674,282,359,346,216,190,167,203,235,225,335,298,317,510,780,468
06-12-2021,611,631,664,322,275,330,204,175,190,262,253,213,337,242,353,768,418,693
07-12-2021,665,606,629,307,381,350,199,210,200,215,252,208,333,138,375,378,805,913
08-12-2021,596,663,619,329,361,264,191,205,193,242,205,215,193,328,417,787,575,528
09-12-2021,636,660,654,297,345,315,202,187,162,217,200,208,368,305,333,505,835,865
10-12-2021,662,640,589,307,305,402,208,223,163,185,192,248,282,308,347,558,492,810
11-12-2021,634,665,700,280,296,277,205,225,170,262,247,280,302,188,343,835,445,432
12-12-2021,666,627,646,312,338,182,224,188,180,197,230,237,338,127,300,672,705,770
13-12-2021,631,650,667,301,226,212,182,232,185,250,203,195,328,218,393,685,517,655
14-12-2021,652,653,622,319,265,244,208,208,152,222,193,267,320,308,382,540,542,832
15-12-2021,622,614,584,307,331,183,215,212,163,235,255,272,335,313,270,310,462,838
16-12-2021,676,644,695,309,302,388,222,215,163,237,192,275,305,302,280,612,595,1002
17-12-2021,629,610,583,315,294,245,203,192,187,235,240,205,330,203,288,633,815,638
18-12-2021,649,648,607,332,307,215,208,198,175,233,235,213,257,187,303,440,547,643
19-12-2021,689,610,641,282,380,322,209,220,183,217,243,240,318,330,342,535,780,973
20-12-2021,636,642,595,295,311,208,203,215,165,255,212,218,343,267,273,638,505,595
21-12-2021,668,644,604,327,279,460,191,223,157,268,195,227,245,272,305,800,673,485
22-12-2021,642,660,680,291,338,292,232,212,195,205,213,230,320,368,283,635,535,582
23-12-2021,659,635,584,299,302,349,225,228,152,223,180,192,285,182,380,522,835,578
24-12-2021,611,643,727,281,286,289,196,225,165,252,252,257,158,273,365,673,595,605
25-12-2021,654,628,590,296,325,434,189,210,175,218,257,283,295,295,308,322,613,788
26-12-2021,671,674,626,332,299,404,229,217,167,240,232,268,273,307,345,500,653,547
27-12-2021,676,590,674,273,330,273,221,220,172,200,247,257,282,327,322,433,763,530
28-12-2021,643,644,615,315,278,309,220,217,180,248,245,298,270,260,352,352,667,945
29-12-2021,612,658,571,289,342,303,212,213,197,225,272,227,368,317,422,570,650,863
30-12-2021,633,636,596,278,308,325,224,228,158,178,227,263,285,303,383,703,450,697
31-12-2021,640,584,610,297,284,185,211,223,188,188,243,255,212,300,405,720,798,727
01-01-2022,628,655,658,312,305,444,199,222,162,225,225,185,263,292,308,677,822,595
02-01-2022,632,649,681,284,334,285,186,203,163,198,217,202,320,325,385,630,737,625
03-01-2022,629,682,643,291,384,356,181,218,190,263,207,200,318,255,387,520,535,788
04-01-2022,645,630,631,316,342,294,201,220,183,188,207,245,300,217,332,485,630,970
05-01-2022,606,687,668,274,268,343,205,222,180,265,275,302,312,302,242,655,500,792
06-01-2022,622,591,677,273,301,318,191,207,170,192,205,212,268,303,357,330,655,768
07-01-2022,653,626,632,329,267,311,208,205,170,238,197,220,202,317,300,787,438,565
08-01-2022,617,627,624,301,263,450,207,210,173,220,255,240,263,347,323,745,550,925
09-01-2022,689,678,627,322,322,217,199,220,178,175,225,263,263,288,372,818,815,943
10-01-2022,641,635,679,314,282,350,216,222,180,258,195,245,332,365,355,578,812,965
11-01-2022,673,669,683,326,271,294,224,203,192,192,197,187,265,345,252,390,710,810
12-01-2022,604,640,619,302,276,462,198,235,153,262,253,298,242,320,258,513,475,570
13-01-2022,645,622,581,278,302,278,219,193,160,247,200,293,240,293,378,332,633,457
14-01-2022,664,633,642,279,290,336,216,218,188,252,182,202,298,285,242,545,762,582
15-01-2022,665,662,702,292,300,284,227,217,182,227,233,287,342,272,335,495,420,835
16-01-2022,636,643,585,320,290,267,210,215,183,198,212,288,330,335,383,625,550,792
17-01-2022,630,665,627,273,354,399,211,222,178,248,220,292,288,292,348,498,683,740
18-01-2022,613,623,660,288,297,399,195,190,160,217,188,280,300,223,383,480,565,620
19-01-2022,612,654,590,309,286,262,202,193,143,153,182,155,265,292,317,440,730,663
20-01-2022,702,638,669,296,276,452,207,193,115,147,143,150,320,305,408,510,535,660
21-01-2022,604,645,609,284,281,239,197,207,163,145,207,195,162,273,388,473,745,443
22-01-2022,661,629,588,301,300,218,216,175,125,170,207,187,282,327,343,347,635,823
23-01-2022,647,634,683,275,246,299,197,207,148,163,205,165,285,278,330,382,660,793
24-01-2022,630,615,666,296,340,282,202,162,143,143,202,158,298,248,382,585,445,917
25-01-2022,650,636,632,317,270,237,209,183,150,155,165,178,347,282,370,575,822,890
26-01-2022,627,667,660,299,264,368,216,195,138,172,170,142,337,295,335,377,588,985
27-01-2022,608,629,585,312,283,303,195,145,140,155,153,190,268,302,302,720,450,858
28-01-2022,693,665,632,287,330,240,215,193,125,168,165,195,305,293,408,562,805,432
29-01-2022,604,641,560,281,297,247,206,202,140,162,202,150,302,293,360,470,720,712
30-01-2022,667,634,683,305,314,284,188,182,128,133,187,145,313,202,358,330,775,453
31-01-2022,625,634,593,313,282,342,192,207,145,133,202,187,198,265,322,802,425,955
01-02-2022,682,593,597,318,325,227,192,197,148,150,165,192,265,350,417,650,468,853
02-02-2022,597,619,668,326,239,379,190,193,137,170,207,162,255,307,190,647,582,612
03-02-2022,669,675,634,301,303,307,208,208,152,133,207,153,323,278,382,617,800,805
04-02-2022,633,610,705,286,276,187,196,192,128,157,152,187,348,263,393,542,655,865
05-02-2022,640,667,623,341,251,307,190,188,138,160,133,138,318,365,370,650,495,822
06-02-2022,621,657,675,285,285,173,198,193,133,150,135,170,237,180,387,450,822,725
07-02-2022,644,613,612,270,355,194,218,182,142,153,187,195,260,285,312,715,638,930
08-02-2022,612,652,692,291,310,292,216,173,137,143,185,195,290,335,358,390,792,955
09-02-2022,656,630,612,318,268,363,228,197,147,153,208,173,258,280,353,480,455,990
10-02-2022,625,636,575,274,322,352,207,177,143,168,228,148,315,220,372,510,667,822
11-02-2022,610,676,718,320,309,299,208,192,140,155,180,143,300,315,335,495,500,607
12-02-2022,679,665,651,324,264,365,226,177,147,137,203,148,223,240,280,397,565,528
13-02-2022,675,637,642,281,326,252,218,160,142,173,208,148,287,255,340,490,515,543
14-02-2022,642,645,573,299,322,378,216,162,138,148,205,143,310,325,310,835,660,607
15-02-2022,624,637,678,310,280,196,201,202,143,148,215,200,293,365,330,745,602,570
16-02-2022,616,602,674,286,305,349,203,213,123,152,197,142,282,308,390,810,530,458
17-02-2022,618,633,642,322,271,437,185,193,157,142,162,180,288,310,382,635,715,793
18-02-2022,628,642,624,276,346,255,212,190,142,162,213,167,312,213,388,453,438,830
19-02-2022,654,643,624,325,340,124,212,165,152,127,205,190,302,330,337,510,838,1002
20-02-2022,687,638,654,303,326,274,215,207,142,130,168,147,342,298,373,520,802,617
21-02-2022,688,652,630,337,251,351,229,157,147,152,195,143,302,230,327,663,620,510
22-02-2022,684,612,660,321,269,289,218,180,162,137,148,180,312,327,257,317,642,572
23-02-2022,635,654,608,297,309,298,232,205,145,163,212,128,248,347,342,408,492,422
24-02-2022,654,611,631,321,306,216,231,153,150,132,150,148,307,273,325,497,398,433
25-02-2022,688,613,562,316,269,295,212,178,142,147,150,142,307,317,378,360,407,763
26-02-2022,675,613,578,314,290,453,207,190,113,162,177,207,290,282,277,310,527,857
27-02-2022,629,617,635,307,327,344,190,200,167,138,155,172,298,310,275,415,643,850
28-02-2022,663,660,647,315,277,326,199,168,150,157,168,202,295,348,312,390,625,772
01-03-2022,637,651,595,298,311,243,208,203,132,165,183,145,332,325,400,583,475,862
02-03-2022,665,668,562,280,313,284,205,192,137,153,208,162,317,245,203,330,613,390
03-03-2022,631,647,703,280,245,328,186,193,153,157,163,157,265,338,397,372,715,810
04-03-2022,634,672,693,264,336,318,229,205,123,167,160,180,258,225,380,313,667,542
05-03-2022,615,628,616,270,293,347,215,162,135,157,203,153,328,342,378,305,530,720
06-03-2022,671,612,618,323,274,307,180,178,150,142,215,175,268,328,363,323,712,575
07-03-2022,605,666,618,270,299,334,209,210,130,130,175,185,283,310,390,385,510,665
08-03-2022,611,640,603,301,302,312,214,158,122,163,213,128,352,338,417,510,527,648
09-03-2022,651,615,603,326,330,320,184,180,153,137,185,152,287,352,285,703,410,422
10-03-2022,651,594,570,323,323,154,213,193,143,160,145,123,310,297,372,500,475,490
11-03-2022,650,680,604,294,281,272,222,200,143,160,158,153,318,192,390,585,585,505
12-03-2022,662,640,624,289,318,300,191,192,153,162,195,202,282,273,372,343,390,637
13-03-2022,630,661,735,322,264,252,197,182,142,130,197,143,272,232,395,282,505,435
14-03-2022,691,655,705,275,271,328,220,195,145,163,202,158,288,307,288,648,595,852
15-03-2022,645,655,700,301,341,170,184,158,143,147,197,153,333,260,350,625,633,577
16-03-2022,682,614,620,300,320,300,192,207,150,142,158,132,328,210,397,683,672,602
17-03-2022,627,673,658,288,225,328,222,173,143,152,193,172,307,248,298,513,720,535
18-03-2022,606,628,645,325,291,303,197,212,155,155,155,155,298,205,343,258,470,558
19-03-2022,693,647,656,275,355,306,218,167,127,140,215,178,288,317,315,622,552,620
20-03-2022,636,655,579,307,302,288,218,185,140,173,205,207,282,327,353,368,510,835
21-03-2022,652,617,665,268,337,324,194,178,135,340,315,337,275,355,230,630,540,742
22-03-2022,645,677,654,266,258,323,191,168,150,293,328,363,213,310,332,707,368,828
23-03-2022,634,626,701,282,355,218,206,208,152,295,332,297,203,223,390,415,505,713
24-03-2022,614,630,717,316,375,330,213,208,145,325,328,297,343,247,303,542,540,560
25-03-2022,641,699,690,291,303,309,188,210,128,338,315,367,345,330,313,565,647,790
26-03-2022,644,630,696,301,318,277,188,185,130,365,295,297,252,342,317,498,535,785
27-03-2022,625,614,691,276,322,260,193,167,138,330,288,358,233,307,395,392,415,587
28-03-2022,616,627,635,271,299,270,200,175,153,338,283,287,347,258,365,265,473,607
29-03-2022,631,643,634,313,278,331,199,185,143,325,280,378,272,223,310,398,635,572
30-03-2022,680,643,643,330,266,249,177,195,123,308,300,352,310,228,280,352,655,723
31-03-2022,646,636,617,275,272,306,194,193,143,295,292,320,293,328,390,442,532,810
01-04-2022,655,649,624,283,295,262,186,173,152,348,322,283,275,228,332,313,510,532
02-04-2022,627,600,624,281,347,396,185,213,138,347,318,327,338,320,360,412,622,610
03-04-2022,635,619,638,314,383,250,218,212,138,310,300,405,323,245,282,673,660,415
04-04-2022,642,612,633,293,315,246,205,213,162,283,302,305,257,307,330,257,505,742
05-04-2022,613,656,629,328,360,249,192,205,140,298,293,293,228,257,333,338,432,488
06-04-2022,628,663,659,279,361,351,186,185,155,347,320,328,257,248,422,483,633,762
07-04-2022,619,598,669,293,258,252,203,180,125,332,288,353,322,282,267,720,673,485
08-04-2022,633,615,691,339,288,300,196,172,123,288,295,332,272,143,350,685,378,415
09-04-2022,637,599,618,294,270,376,204,172,152,340,283,325,275,207,372,325,480,523
10-04-2022,668,672,715,306,234,323,186,208,133,327,285,318,360,213,373,293,533,667
11-04-2022,652,646,660,270,348,249,181,180,152,363,287,348,328,358,373,578,380,582
12-04-2022,674,640,563,307,343,279,201,195,145,338,318,392,258,328,370,330,685,592
13-04-2022,623,589,679,307,324,327,185,207,120,338,323,277,325,332,378,438,493,523
14-04-2022,629,612,563,322,298,440,191,178,147,348,292,300,270,303,208,502,583,382
15-04-2022,661,612,639,300,296,301,186,195,145,365,287,303,300,295,310,348,480,682
16-04-2022,615,612,636,286,302,254,208,197,150,307,287,308,277,303,347,282,530,690
17-04-2022,611,647,613,271,263,354,190,223,157,293,292,387,188,355,375,265,542,432
18-04-2022,637,633,601,287,299,320,206,203,132,347,320,318,297,272,338,678,637,823
19-04-2022,658,643,637,335,308,146,177,182,125,315,285,365,240,247,308,438,520,390
20-04-2022,667,623,594,323,285,294,193,200,143,367,333,367,312,327,368,540,552,740
21-04-2022,592,589,563,280,282,268,198,200,127,305,298,277,330,225,283,343,625,392
22-04-2022,641,662,583,289,309,253,183,188,123,335,338,337,312,293,382,473,382,817
23-04-2022,633,637,698,283,254,347,208,217,160,283,298,377,205,338,355,410,360,780
24-04-2022,686,664,608,296,244,282,197,175,167,295,332,307,287,342,315,467,430,485
25-04-2022,661,682,616,276,309,254,200,188,135,363,323,327,282,315,363,470,415,432
26-04-2022,640,639,605,256,346,319,205,185,140,350,323,358,303,213,340,575,367,570
27-04-2022,613,631,605,283,260,256,195,197,142,360,347,330,302,348,347,467,643,695
28-04-2022,668,650,704,305,297,338,192,188,130,342,293,363,277,220,382,287,420,440
29-04-2022,684,633,639,288,325,350,225,195,153,285,312,303,283,342,340,330,700,445
30-04-2022,668,626,636,320,339,349,192,168,130,332,280,278,315,280,237,445,592,480
01-05-2022,628,645,618,301,252,250,195,185,147,320,302,332,267,282,317,360,483,703
02-05-2022,658,613,696,293,289,428,204,190,138,278,298,308,357,303,402,360,585,480
03-05-2022,682,635,623,291,316,157,198,173,143,320,293,372,358,263,297,385,540,365
04-05-2022,616,634,587,277,319,280,218,178,125,315,327,315,340,302,313,685,420,390
05-05-2022,633,630,623,326,258,290,203,187,157,350,293,297,257,325,365,287,532,750
06-05-2022,635,668,650,307,258,239,215,162,147,357,328,325,277,270,305,313,412,497
07-05-2022,636,665,580,266,318,271,181,182,140,278,338,260,328,238,380,585,685,368
08-05-2022,633,655,608,293,273,250,203,190,143,348,307,293,275,287,300,433,432,702
09-05-2022,663,641,700,316,273,270,209,197,138,293,290,350,268,287,317,290,493,755
10-05-2022,624,650,623,324,283,181,197,205,110,343,308,320,177,340,290,668,517,835
11-05-2022,663,687,587,294,249,295,178,195,162,363,332,307,275,268,388,647,510,712
12-05-2022,603,669,613,323,345,319,189,195,138,358,290,392,320,343,358,460,605,485
13-05-2022,666,674,672,323,323,279,229,208,143,323,327,332,320,287,403,595,415,412
14-05-2022,608,675,607,272,302,247,216,190,168,298,295,328,313,308,320,433,488,798
15-05-2022,634,646,660,270,254,206,218,158,152,360,320,347,323,272,357,445,715,755
16-05-2022,600,651,683,270,303,303,181,210,145,300,318,340,292,312,360,402,588,453
17-05-2022,635,599,707,277,296,377,216,180,133,308,297,350,212,305,257,428,463,693
18-05-2022,626,651,617,283,249,245,186,170,152,298,322,345,250,248,302,457,467,552
19-05-2022,619,617,595,321,246,328,193,180,145,287,292,332,283,330,335,325,445,820
20-05-2022,650,617,634,319,316,271,193,170,142,312,282,362,278,273,398,600,620,410
21-05-2022,654,612,656,318,301,323,199,312,295,295,310,337,282,340,360,290,473,365
22-05-2022,618,625,605,269,289,298,187,293,300,350,297,300,243,268,397,555,468,802
23-05-2022,675,632,651,289,261,279,216,320,275,282,307,303,293,228,358,707,510,490
24-05-2022,587,634,630,294,305,246,204,355,270,352,320,288,315,315,277,323,660,412
25-05-2022,669,640,700,288,305,343,203,327,275,303,323,382,267,278,215,330,600,402
26-05-2022,640,679,599,289,311,225,184,305,268,293,302,323,185,270,407,325,403,643
27-05-2022,625,691,645,319,338,228,188,307,287,300,288,277,303,315,293,510,473,520
28-05-2022,621,630,631,310,340,232,198,345,288,355,307,377,265,322,327,388,377,622
29-05-2022,626,632,632,292,222,235,202,362,290,310,317,340,268,327,405,485,302,378
30-05-2022,640,615,666,306,282,234,220,312,293,333,307,350,333,357,282,530,383,673
31-05-2022,593,639,608,286,284,175,203,273,308,342,322,343,213,217,260,587,470,605
01-06-2022,637,636,614,304,236,278,199,288,287,298,308,358,318,267,360,422,522,593
02-06-2022,605,644,598,289,242,312,227,367,262,310,307,390,282,350,377,395,547,623
03-06-2022,653,651,650,292,217,337,219,275,282,308,310,310,278,282,378,522,502,515
04-06-2022,615,643,628,316,304,340,195,297,283,323,325,315,287,327,387,463,545,678
05-06-2022,624,621,596,297,334,203,208,317,302,337,313,308,295,288,352,418,300,565
06-06-2022,590,656,735,291,258,279,204,330,278,362,293,322,287,340,325,362,372,698
07-06-2022,646,658,617,280,324,252,193,280,303,318,285,353,357,345,378,458,522,342
08-06-2022,635,641,630,332,299,328,205,323,290,315,283,277,233,340,382,343,570,360
09-06-2022,680,646,648,299,260,331,205,330,297,308,307,332,272,235,310,217,480,450
10-06-2022,648,640,676,297,281,312,214,318,272,313,285,278,232,262,400,360,550,540
11-06-2022,594,637,636,268,347,304,210,335,295,313,317,357,343,252,382,325,560,600
12-06-2022,641,659,677,306,285,275,204,313,312,307,322,383,248,280,397,340,307,398
13-06-2022,659,657,693,305,288,328,192,298,292,322,280,307,268,263,383,505,595,455
14-06-2022,631,621,591,298,323,328,202,295,262,293,310,360,247,312,342,360,468,467
15-06-2022,615,651,736,327,324,260,198,348,280,287,313,358,307,315,307,530,587,413
16-06-2022,661,639,618,297,294,285,190,367,300,308,292,283,273,298,317,280,547,480
17-06-2022,651,641,688,276,336,257,208,350,305,303,317,385,287,285,370,588,342,463
18-06-2022,601,674,723,282,325,327,221,295,298,287,298,332,292,337,405,260,428,475
19-06-2022,654,605,625,298,315,273,204,315,288,310,325,347,222,337,340,553,600,583
20-06-2022,612,638,654,261,312,344,206,315,285,332,333,302,307,312,278,278,452,575
21-06-2022,641,625,604,299,290,290,219,330,290,305,298,355,258,308,337,265,355,300
22-06-2022,618,647,669,319,288,177,195,342,270,358,327,327,335,332,262,360,438,535
23-06-2022,662,681,659,297,292,335,202,300,305,307,315,362,222,298,403,272,390,490
24-06-2022,635,624,616,273,300,197,203,355,277,345,317,327,270,193,242,545,570,308
25-06-2022,639,653,613,329,311,370,186,330,317,342,307,367,270,320,225,295,450,312
26-06-2022,593,628,631,282,275,315,218,358,263,332,317,342,282,318,357,600,570,428
27-06-2022,689,622,693,317,260,176,226,305,290,300,307,328,162,310,335,388,535,535
28-06-2022,631,616,667,290,326,278,200,350,298,332,322,322,272,247,340,552,492,473
29-06-2022,634,656,677,305,305,324,195,335,295,290,290,278,368,263,380,352,385,697
30-06-2022,629,633,626,286,249,323,209,350,287,302,283,355,220,322,357,480,312,650
01-07-2022,640,627,577,289,303,356,216,320,278,317,283,312,353,303,388,588,398,515
02-07-2022,621,654,617,279,272,260,206,348,267,315,307,398,205,292,293,383,425,630
03-07-2022,657,640,682,290,342,196,192,297,295,322,292,343,280,273,322,570,570,317
04-07-2022,631,612,682,293,248,328,194,310,280,333,302,302,348,300,360,582,443,460
05-07-2022,670,639,648,336,287,299,187,333,305,313,323,385,282,348,313,265,565,305
06-07-2022,619,661,658,301,314,434,213,337,283,338,313,338,318,278,427,540,588,403
07-07-2022,670,654,679,291,299,280,198,315,288,323,318,347,267,350,428,592,343,437
08-07-2022,625,623,621,277,290,218,216,285,283,290,317,267,293,270,390,425,422,502
09-07-2022,603,611,703,317,336,237,192,335,273,318,323,333,265,308,337,248,342,480
10-07-2022,649,611,617,308,335,274,216,315,293,325,328,353,305,250,305,558,595,320
11-07-2022,625,683,671,293,331,257,224,332,313,347,298,332,312,267,315,575,593,473
12-07-2022,627,648,681,301,278,259,188,297,295,333,307,322,235,277,382,422,377,560
13-07-2022,629,660,590,328,273,142,191,335,282,290,275,340,317,260,363,287,445,395
14-07-2022,645,641,657,265,304,363,193,313,278,290,318,295,327,168,360,470,355,595
15-07-2022,650,615,706,328,245,323,198,300,262,298,283,365,345,322,333,325,432,545
16-07-2022,618,618,658,299,302,251,227,333,287,347,317,337,258,322,362,548,445,653
17-07-2022,635,611,602,297,251,123,186,285,270,342,312,355,328,333,310,425,305,672
18-07-2022,649,625,668,315,296,239,220,295,320,297,327,300,307,248,292,373,395,662
19-07-2022,616,686,678,303,276,231,207,335,297,323,327,398,295,300,352,572,365,445
20-07-2022,633,651,678,281,305,348,214,352,293,332,302,292,345,263,313,302,535,642
21-07-2022,656,685,693,306,278,267,187,340,302,320,317,315,332,308,308,442,515,407
22-07-2022,658,643,664,319,351,348,185,292,310,322,308,357,317,298,377,515,553,407
23-07-2022,651,637,687,280,283,322,222,350,287,300,308,347,318,317,263,362,548,668
24-07-2022,673,648,649,338,288,328,206,323,305,317,287,275,318,358,390,242,527,583
25-07-2022,652,623,573,292,395,318,217,282,278,295,283,362,332,232,377,415,505,440
26-07-2022,617,668,707,304,271,253,204,308,303,333,298,357,293,283,240,360,340,383
27-07-2022,616,602,620,276,358,340,187,340,287,345,338,338,325,342,278,253,342,317
28-07-2022,614,614,571,322,318,266,197,305,298,362,285,355,248,193,375,565,485,648
29-07-2022,639,611,665,280,275,334,220,295,293,360,295,325,293,315,383,257,575,312
30-07-2022,590,620,666,277,263,258,203,365,310,348,295,355,323,313,310,505,455,305
31-07-2022,648,610,635,314,368,289,187,283,273,302,342,307,250,310,310,515,480,330
01-08-2022,636,594,585,281,334,235,179,320,252,318,285,372,263,342,312,300,582,468
02-08-2022,601,652,628,266,262,336,178,335,287,335,333,318,322,270,287,295,408,505
03-08-2022,651,647,653,329,278,380,221,305,300,330,298,392,297,235,388,420,500,418
04-08-2022,642,638,653,309,251,246,207,337,278,352,307,273,318,313,333,540,575,643
05-08-2022,699,623,705,281,265,394,197,330,300,352,313,307,255,252,350,582,570,372
06-08-2022,639,650,625,331,343,273,216,350,303,350,307,372,265,275,272,462,365,660
07-08-2022,618,670,630,323,306,261,199,315,307,332,323,333,310,240,295,290,310,535
08-08-2022,688,652,576,291,306,289,204,302,318,348,298,325,292,338,240,292,510,480
09-08-2022,642,613,646,319,256,319,216,310,287,287,285,362,265,228,383,360,565,420
10-08-2022,610,663,608,277,272,241,228,310,282,328,298,378,283,242,393,240,335,390
11-08-2022,598,633,590,323,287,236,213,348,267,362,282,375,235,232,298,402,340,712
12-08-2022,666,656,598,311,330,393,203,295,280,338,335,390,315,290,388,302,403,455
13-08-2022,629,630,640,315,253,326,186,357,248,280,313,315,293,362,250,565,497,310
14-08-2022,649,624,679,298,268,288,217,355,285,323,293,395,268,328,343,530,570,510
15-08-2022,638,631,703,319,315,303,216,345,293,285,305,348,270,288,393,347,385,347
16-08-2022,637,605,672,267,279,394,188,300,290,330,303,337,353,252,427,587,348,425
17-08-2022,586,674,678,288,264,262,190,362,300,347,280,315,290,287,348,457,390,433
18-08-2022,657,656,659,308,288,222,202,352,310,325,300,350,173,175,368,462,338,498
19-08-2022,636,664,647,266,328,340,216,347,285,287,297,355,282,327,400,258,428,707
20-08-2022,595,645,698,311,274,342,176,325,297,310,323,322,300,292,327,382,480,562
21-08-2022,626,648,694,310,290,217,290,310,350,327,298,298,303,242,275,502,415,750
22-08-2022,636,672,626,309,332,339,350,297,347,318,350,350,265,208,378,612,365,720
23-08-2022,673,681,573,295,352,306,300,298,287,322,380,380,263,312,323,495,392,665
24-08-2022,627,656,586,332,363,195,345,263,328,325,367,367,317,257,297,575,613,643
25-08-2022,677,637,601,289,268,332,338,310,365,330,380,380,363,208,322,505,520,423
26-08-2022,633,690,574,288,292,331,330,295,337,288,373,373,265,323,417,495,415,700
27-08-2022,593,649,646,322,322,374,317,295,287,313,283,283,288,215,337,632,610,588
28-08-2022,655,636,636,292,315,453,287,300,297,302,348,348,253,353,348,593,557,750
29-08-2022,600,607,652,310,266,264,285,270,330,320,370,370,330,187,387,265,643,482
30-08-2022,615,639,571,319,297,369,287,318,350,320,280,280,318,292,343,278,433,480
31-08-2022,635,617,645,278,306,376,362,285,308,335,387,387,333,297,298,547,620,557
01-09-2022,675,632,562,274,226,334,342,300,305,290,322,322,228,252,407,482,338,617
02-09-2022,652,636,652,281,412,258,277,308,280,293,385,385,325,348,403,283,543,380
03-09-2022,636,608,614,276,346,212,332,300,297,310,340,340,290,305,292,560,557,330
04-09-2022,634,667,653,320,331,452,310,248,333,302,385,385,272,342,250,377,480,540
05-09-2022,631,684,701,299,316,319,312,295,298,338,383,383,322,263,372,240,330,543
06-09-2022,648,645,686,304,290,357,275,270,350,310,300,300,282,250,393,482,655,553
07-09-2022,618,642,615,285,304,301,330,293,305,283,347,347,330,295,353,438,625,365
08-09-2022,643,593,699,296,304,268,352,310,328,277,337,337,322,327,370,322,330,715
09-09-2022,591,652,710,313,277,386,335,278,317,310,318,318,295,365,337,290,522,612
10-09-2022,644,669,678,270,337,349,287,305,340,323,365,365,293,338,298,407,445,515
11-09-2022,617,622,643,313,285,274,315,267,322,342,343,343,352,285,383,390,395,460
12-09-2022,646,636,656,312,296,300,312,292,318,275,308,308,345,233,263,467,620,343
13-09-2022,603,672,590,325,298,399,305,310,357,298,398,398,272,300,362,600,425,362
14-09-2022,632,673,625,332,324,360,308,303,313,305,267,267,243,303,355,650,505,427
15-09-2022,643,646,667,330,337,248,308,305,300,333,328,328,358,247,315,548,595,767
16-09-2022,612,606,674,285,321,244,313,265,287,283,343,343,320,285,370,655,530,540
17-09-2022,634,599,612,287,283,247,318,297,325,315,272,272,258,267,398,532,425,557
18-09-2022,640,611,629,308,303,263,330,290,332,302,280,280,295,272,332,260,532,518
19-09-2022,602,644,642,273,295,244,315,293,292,317,275,275,315,238,347,613,485,590
20-09-2022,640,626,737,295,260,268,330,320,293,283,327,327,322,333,270,295,360,518
21-09-2022,664,597,582,284,269,307,330,287,292,298,342,342,302,310,397,648,632,372
22-09-2022,645,634,600,275,303,286,280,305,323,322,295,295,340,337,377,637,587,570
23-09-2022,625,642,570,303,286,304,293,297,338,312,383,383,287,188,275,527,615,397
24-09-2022,615,622,592,281,296,220,328,253,298,313,345,345,353,340,370,350,603,738
25-09-2022,603,674,628,258,335,290,313,298,295,297,285,285,323,290,332,292,382,758
26-09-2022,610,678,648,307,298,236,317,288,320,280,327,327,322,223,402,570,548,570
27-09-2022,687,675,608,307,364,348,345,270,352,313,302,302,205,292,392,245,475,775
28-09-2022,594,628,649,325,313,205,355,295,318,295,332,332,282,270,383,635,582,728
29-09-2022,645,662,683,334,301,224,300,298,320,328,352,352,328,290,388,510,648,590
30-09-2022,668,673,667,340,282,411,350,297,302,305,337,337,342,317,285,425,347,763
01-10-2022,665,618,636,299,285,279,350,330,308,307,327,327,320,322,357,425,635,545
02-10-2022,638,638,608,274,315,378,350,280,298,292,387,387,258,247,353,605,493,595
03-10-2022,664,597,644,332,271,325,315,288,345,303,347,347,367,363,390,618,642,423
04-10-2022,652,587,644,267,335,290,307,305,320,315,335,335,247,263,400,638,410,410
05-10-2022,614,616,720,298,337,292,333,307,322,303,307,307,262,240,307,400,433,377
06-10-2022,636,629,702,315,335,282,327,305,333,310,355,355,320,227,437,338,330,522
07-10-2022,677,643,684,325,335,217,277,290,297,302,365,365,343,282,362,428,560,655
08-10-2022,673,658,593,315,316,211,345,307,357,323,387,387,307,295,373,275,497,720
09-10-2022,663,595,692,274,283,271,327,293,295,328,298,298,253,273,350,573,455,595
10-10-2022,688,692,633,322,292,271,332,295,348,302,320,320,267,293,272,603,548,475
11-10-2022,631,658,703,291,255,286,333,285,327,322,308,308,278,355,388,240,372,500
12-10-2022,617,627,632,322,273,251,353,265,360,287,282,282,283,280,335,338,373,428
13-10-2022,614,644,617,307,232,235,325,295,287,327,340,340,273,350,315,383,493,355
14-10-2022,681,638,649,273,254,353,323,307,308,302,383,383,337,195,352,637,467,613
15-10-2022,608,598,644,287,335,307,347,303,335,303,340,340,350,283,335,425,453,372
16-10-2022,642,628,630,278,381,232,330,287,342,302,390,390,295,205,412,635,330,453
17-10-2022,625,601,648,277,273,263,308,303,307,295,318,318,247,183,360,395,488,382
18-10-2022,622,698,672,330,342,300,295,287,342,305,382,382,318,302,387,320,635,562
19-10-2022,603,675,625,269,293,311,227,172,195,205,228,228,185,237,355,355,782,510
20-10-2022,611,654,656,287,280,247,215,183,250,182,263,263,302,257,300,750,522,792
21-10-2022,625,684,609,309,258,214,217,173,212,215,297,297,335,262,333,418,805,698
22-10-2022,619,644,655,311,334,325,220,172,247,178,272,272,353,268,328,523,797,475
23-10-2022,644,674,642,318,300,282,242,180,187,237,252,252,333,340,395,630,480,870
24-10-2022,627,695,610,328,236,290,222,177,262,270,293,293,352,323,400,490,703,840
25-10-2022,691,635,637,258,253,287,225,167,240,200,257,257,312,317,395,300,612,673
26-10-2022,648,588,671,288,301,240,233,177,195,230,185,185,333,183,293,378,617,955
27-10-2022,613,627,627,264,261,313,222,180,247,193,188,188,227,325,333,490,642,882
28-10-2022,636,616,583,266,305,219,215,180,250,248,243,243,300,223,393,732,467,772
29-10-2022,662,635,666,285,256,152,203,167,198,193,272,272,310,285,358,765,587,570
30-10-2022,645,621,602,290,293,389,220,170,207,252,268,268,335,298,317,510,780,468
31-10-2022,601,634,694,285,296,331,218,185,253,247,205,205,337,242,353,768,418,693
01-11-2022,605,666,581,281,261,220,208,168,207,247,230,230,333,138,375,378,805,913
02-11-2022,668,621,611,290,402,329,190,182,223,253,232,232,193,328,417,787,575,528
03-11-2022,606,670,651,302,339,317,203,187,253,218,295,295,368,305,333,505,835,865
04-11-2022,602,585,663,305,272,339,217,183,220,265,192,192,282,308,347,558,492,810
05-11-2022,603,631,602,281,302,362,218,188,258,233,190,190,302,188,343,835,445,432
06-11-2022,629,663,587,281,333,465,233,155,188,202,277,277,338,127,300,672,705,770
07-11-2022,620,676,651,300,309,292,205,177,202,188,202,202,328,218,393,685,517,655
08-11-2022,596,601,673,270,317,252,218,178,192,235,203,203,320,308,382,540,542,832
09-11-2022,639,642,608,293,278,204,235,203,205,217,272,272,335,313,270,310,462,838
10-11-2022,613,618,637,270,333,383,207,145,190,212,200,200,305,302,280,612,595,1002
11-11-2022,642,634,624,278,331,233,245,185,188,248,223,223,330,203,288,633,815,638
12-11-2022,624,616,686,315,277,350,213,195,207,250,230,230,257,187,303,440,547,643
13-11-2022,638,594,598,285,293,319,233,173,220,245,195,195,318,330,342,535,780,973
14-11-2022,641,671,560,317,277,284,205,198,210,248,198,198,343,267,273,638,505,595
15-11-2022,674,620,652,276,270,206,185,198,213,235,220,220,245,272,305,800,673,485
16-11-2022,616,630,616,307,287,389,212,165,207,225,208,208,320,368,283,635,535,582
17-11-2022,604,646,663,340,347,222,203,192,223,183,258,258,285,182,380,522,835,578
18-11-2022,666,622,650,323,291,310,228,173,255,222,247,247,158,273,365,673,595,605
19-11-2022,648,639,623,274,288,278,228,197,188,170,192,192,295,295,308,322,613,788
20-11-2022,619,644,656,284,335,294,222,192,232,258,187,187,273,307,345,500,653,547
21-11-2022,658,634,592,279,264,275,195,183,235,220,250,250,282,327,322,433,763,530
22-11-2022,647,661,655,312,286,475,207,182,203,245,207,207,270,260,352,352,667,945
23-11-2022,635,626,680,292,266,173,218,180,273,190,272,272,368,317,422,570,650,863
24-11-2022,621,607,676,271,273,230,222,183,247,250,265,265,285,303,383,703,450,697
25-11-2022,654,632,642,337,311,295,215,168,182,215,215,215,212,300,405,720,798,727
26-11-2022,578,657,588,314,267,348,197,180,207,252,202,202,263,292,308,677,822,595
27-11-2022,661,614,594,328,307,258,218,163,183,218,273,273,320,325,385,630,737,625
28-11-2022,626,677,639,289,286,368,182,190,183,233,225,225,318,255,387,520,535,788
29-11-2022,665,682,633,320,336,291,228,185,225,235,248,248,300,217,332,485,630,970
30-11-2022,631,635,568,280,297,299,207,165,192,223,227,227,312,302,242,655,500,792
01-12-2022,650,634,663,315,262,338,215,178,222,255,185,185,268,303,357,330,655,768
02-12-2022,652,648,599,295,311,370,213,180,182,250,205,205,202,317,300,787,438,565
03-12-2022,617,619,632,321,306,277,205,163,192,258,247,247,263,347,323,745,550,925
04-12-2022,654,594,643,279,291,397,222,170,198,247,232,232,263,288,372,818,815,943
05-12-2022,619,667,667,316,366,276,190,167,203,235,225,225,332,365,355,578,812,965
06-12-2022,621,628,675,311,309,280,175,190,262,253,213,213,265,345,252,390,710,810
07-12-2022,627,679,661,317,306,322,210,200,215,252,208,208,242,320,258,513,475,570
08-12-2022,653,619,644,276,321,319,205,193,242,205,215,215,240,293,378,332,633,457
09-12-2022,636,632,611,313,354,171,187,162,217,200,208,208,298,285,242,545,762,582
10-12-2022,644,623,643,298,316,245,223,163,185,192,248,248,342,272,335,495,420,835
11-12-2022,651,662,711,335,309,253,225,170,262,247,280,280,330,335,383,625,550,792
12-12-2022,630,622,667,274,263,268,188,180,197,230,237,237,288,292,348,498,683,740
13-12-2022,654,645,657,321,256,281,232,185,250,203,195,195,300,223,383,480,565,620
14-12-2022,583,706,631,318,277,306,208,152,222,193,267,267,265,292,317,440,730,663
15-12-2022,637,658,647,320,290,240,212,163,235,255,272,272,320,305,408,510,535,660
16-12-2022,644,624,730,302,241,339,215,163,237,192,275,275,162,273,388,473,745,443
17-12-2022,671,694,687,287,207,256,192,187,235,240,205,205,282,327,343,347,635,823
18-12-2022,628,614,663,275,353,75,198,175,233,235,213,213,285,278,330,382,660,793
19-12-2022,686,641,629,329,226,388,220,183,217,243,240,240,298,248,382,585,445,917
20-12-2022,649,689,607,319,291,257,215,165,255,212,218,218,347,282,370,575,822,890
21-12-2022,657,617,665,301,313,211,223,157,268,195,227,227,337,295,335,377,588,985
22-12-2022,645,627,684,311,293,251,212,195,205,213,230,230,268,302,302,720,450,858
23-12-2022,598,624,571,312,310,348,228,152,223,180,192,192,305,293,408,562,805,432
24-12-2022,650,605,599,295,293,315,225,165,252,252,257,257,302,293,360,470,720,712
25-12-2022,626,602,597,294,268,212,210,175,218,257,283,283,313,202,358,330,775,453
26-12-2022,679,660,674,275,331,259,217,167,240,232,268,268,198,265,322,802,425,955
27-12-2022,668,641,667,283,346,212,220,172,200,247,257,257,265,350,417,650,468,853
28-12-2022,645,691,595,321,275,277,217,180,248,245,298,298,255,307,190,647,582,612
29-12-2022,635,640,586,314,245,383,213,197,225,272,227,227,323,278,382,617,800,805
30-12-2022,642,615,673,287,294,368,228,158,178,227,263,263,348,263,393,542,655,865
31-12-2022,653,657,623,322,240,234,223,188,188,243,255,255,318,365,370,650,495,822
01-01-2023,673,630,652,285,306,275,222,162,225,225,185,185,237,180,387,450,822,725
02-01-2023,677,647,575,270,331,265,203,163,198,217,202,202,260,285,312,715,638,930
03-01-2023,668,606,554,304,269,201,218,190,263,207,200,200,290,335,358,390,792,955
04-01-2023,613,625,613,312,293,304,220,183,188,207,245,245,258,280,353,480,455,990
05-01-2023,622,633,686,272,296,288,222,180,265,275,302,302,315,220,372,510,667,822
06-01-2023,633,624,585,315,331,347,207,170,192,205,212,212,300,315,335,495,500,607
07-01-2023,591,674,638,298,346,228,205,170,238,197,220,220,223,240,280,397,565,528
08-01-2023,642,609,666,302,318,294,210,173,220,255,240,240,287,255,340,490,515,543
09-01-2023,645,673,631,286,374,294,220,178,175,225,263,263,310,325,310,835,660,607
10-01-2023,643,673,665,288,336,295,222,180,258,195,245,245,293,365,330,745,602,570
11-01-2023,639,633,670,260,256,357,203,192,192,197,187,187,282,308,390,810,530,458
12-01-2023,670,656,614,309,298,310,235,153,262,253,298,298,288,310,382,635,715,793
13-01-2023,613,597,624,312,261,348,193,160,247,200,293,293,312,213,388,453,438,830
14-01-2023,637,628,672,312,378,253,218,188,252,182,202,202,302,330,337,510,838,1002
15-01-2023,617,665,631,308,263,186,217,182,227,233,287,287,342,298,373,520,802,617
16-01-2023,593,625,663,318,281,338,215,183,198,212,288,288,302,230,327,663,620,510
17-01-2023,639,616,665,262,319,296,222,178,248,220,292,292,312,327,257,317,642,572
18-01-2023,641,651,644,316,255,373,190,160,217,188,280,280,248,347,342,408,492,422
19-01-2023,691,610,679,285,327,320,193,143,153,182,155,155,307,273,325,497,398,433
20-01-2023,650,642,635,319,309,229,193,115,147,143,150,150,307,317,378,360,407,763
21-01-2023,611,609,629,254,296,400,207,163,145,207,195,195,290,282,277,310,527,857
22-01-2023,644,624,628,312,303,244,175,125,170,207,187,187,298,310,275,415,643,850
23-01-2023,639,611,612,306,298,393,207,148,163,205,165,165,295,348,312,390,625,772
24-01-2023,632,674,606,337,345,354,162,143,143,202,158,158,332,325,400,583,475,862
25-01-2023,617,619,721,281,348,342,183,150,155,165,178,178,317,245,203,330,613,390
26-01-2023,639,651,710,295,309,398,195,138,172,170,142,142,265,338,397,372,715,810
27-01-2023,624,623,709,268,307,305,145,140,155,153,190,190,258,225,380,313,667,542
28-01-2023,643,609,597,317,298,302,193,125,168,165,195,195,328,342,378,305,530,720
29-01-2023,647,633,599,287,241,258,202,140,162,202,150,150,268,328,363,323,712,575
30-01-2023,659,639,647,274,299,252,182,128,133,187,145,145,283,310,390,385,510,665
31-01-2023,619,620,719,319,223,207,207,145,133,202,187,187,352,338,417,510,527,648
01-02-2023,662,676,625,313,263,255,197,148,150,165,192,192,287,352,285,703,410,422
02-02-2023,639,640,602,291,331,237,193,137,170,207,162,162,310,297,372,500,475,490
03-02-2023,671,605,603,337,268,212,208,152,133,207,153,153,318,192,390,585,585,505
04-02-2023,617,671,693,313,227,299,192,128,157,152,187,187,282,273,372,343,390,637
05-02-2023,625,643,629,287,301,402,188,138,160,133,138,138,272,232,395,282,505,435
06-02-2023,611,628,582,290,268,268,193,133,150,135,170,170,288,307,288,648,595,852
07-02-2023,638,645,623,322,371,287,182,142,153,187,195,195,333,260,350,625,633,577
08-02-2023,650,629,676,328,340,265,173,137,143,185,195,195,328,210,397,683,672,602
09-02-2023,640,656,700,298,272,325,197,147,153,208,173,173,307,248,298,513,720,535
10-02-2023,648,650,659,290,248,256,177,143,168,228,148,148,298,205,343,258,470,558
11-02-2023,641,606,618,299,317,281,192,140,155,180,143,143,288,317,315,622,552,620
12-02-2023,684,618,590,291,256,275,177,147,137,203,148,148,282,327,353,368,510,835
13-02-2023,594,599,600,302,285,369,160,142,173,208,148,148,275,355,230,630,540,742
14-02-2023,628,626,659,302,287,302,162,138,148,205,143,143,213,310,332,707,368,828
15-02-2023,650,619,604,324,316,328,202,143,148,215,200,200,203,223,390,415,505,713
16-02-2023,607,654,583,288,303,246,213,123,152,197,142,142,343,247,303,542,540,560
17-02-2023,628,662,694,309,340,312,193,157,142,162,180,180,345,330,313,565,647,790
18-02-2023,639,661,642,290,257,268,190,142,162,213,167,167,252,342,317,498,535,785
19-02-2023,658,650,679,279,351,364,165,152,127,205,190,190,233,307,395,392,415,587
20-02-2023,647,700,583,329,295,335,207,142,130,168,147,147,347,258,365,265,473,607
21-02-2023,641,625,659,273,286,314,157,147,152,195,143,143,272,223,310,398,635,572
22-02-2023,660,660,631,288,295,270,180,162,137,148,180,180,310,228,280,352,655,723
23-02-2023,622,644,691,307,273,206,205,145,163,212,128,128,293,328,390,442,532,810
24-02-2023,625,684,654,279,326,225,153,150,132,150,148,148,275,228,332,313,510,532
25-02-2023,625,624,629,338,274,368,178,142,147,150,142,142,338,320,360,412,622,610
26-02-2023,588,693,608,287,272,368,190,113,162,177,207,207,323,245,282,673,660,415
27-02-2023,644,656,712,313,317,271,200,167,138,155,172,172,257,307,330,257,505,742
28-02-2023,673,607,692,291,278,201,168,150,157,168,202,202,228,257,333,338,432,488
01-03-2023,618,653,697,332,238,310,203,132,165,183,145,145,257,248,422,483,633,762
02-03-2023,643,645,649,315,303,357,192,137,153,208,162,162,322,282,267,720,673,485
03-03-2023,616,638,575,324,257,321,193,153,157,163,157,157,272,143,350,685,378,415
04-03-2023,628,657,665,329,267,360,205,123,167,160,180,180,275,207,372,325,480,523
05-03-2023,617,679,690,271,306,330,162,135,157,203,153,153,360,213,373,293,533,667
06-03-2023,652,628,590,299,267,323,178,150,142,215,175,175,328,358,373,578,380,582
07-03-2023,623,617,608,287,414,152,210,130,130,175,185,185,258,328,370,330,685,592
08-03-2023,581,665,683,300,342,286,158,122,163,213,128,128,325,332,378,438,493,523
09-03-2023,626,634,626,335,294,252,180,153,137,185,152,152,270,303,208,502,583,382
10-03-2023,637,605,702,264,286,201,193,143,160,145,123,123,300,295,310,348,480,682
11-03-2023,617,674,706,280,342,253,200,143,160,158,153,153,277,303,347,282,530,690
12-03-2023,648,635,625,298,269,215,192,153,162,195,202,202,188,355,375,265,542,432
13-03-2023,618,639,696,300,347,326,182,142,130,197,143,143,297,272,338,678,637,823
14-03-2023,665,609,600,304,319,329,195,145,163,202,158,158,240,247,308,438,520,390
15-03-2023,635,635,677,307,291,367,158,143,147,197,153,153,312,327,368,540,552,740
16-03-2023,616,645,691,261,328,244,207,150,142,158,132,132,330,225,283,343,625,392
17-03-2023,655,636,651,291,364,351,173,143,152,193,172,172,312,293,382,473,382,817
18-03-2023,605,663,585,265,257,380,212,155,155,155,155,155,205,338,355,410,360,780
19-03-2023,662,613,666,318,306,269,167,127,140,215,178,178,287,342,315,467,430,485
20-03-2023,601,618,658,319,297,398,185,140,173,205,207,207,282,315,363,470,415,432
21-03-2023,606,659,664,325,349,375,178,135,340,315,337,337,303,213,340,575,367,570
22-03-2023,613,643,626,312,310,289,168,150,293,328,363,363,302,348,347,467,643,695
23-03-2023,649,691,677,289,350,306,208,152,295,332,297,297,277,220,382,287,420,440
24-03-2023,606,592,658,311,278,215,208,145,325,328,297,297,283,342,340,330,700,445
25-03-2023,668,704,585,284,350,302,210,128,338,315,367,367,315,280,237,445,592,480
26-03-2023,648,658,716,265,277,288,185,130,365,295,297,297,267,282,317,360,483,703
27-03-2023,620,613,722,287,337,275,167,138,330,288,358,358,357,303,402,360,585,480
28-03-2023,687,650,586,278,327,428,175,153,338,283,287,287,358,263,297,385,540,365
29-03-2023,645,695,608,310,369,267,185,143,325,280,378,378,340,302,313,685,420,390
30-03-2023,632,682,602,301,248,386,195,123,308,300,352,352,257,325,365,287,532,750
31-03-2023,616,652,676,277,262,391,193,143,295,292,320,320,277,270,305,313,412,497
01-04-2023,681,615,674,282,319,171,173,152,348,322,283,283,328,238,380,585,685,368
02-04-2023,672,601,680,280,357,293,213,138,347,318,327,327,275,287,300,433,432,702
03-04-2023,708,644,671,343,314,307,212,138,310,300,405,405,268,287,317,290,493,755
04-04-2023,617,604,685,278,276,338,213,162,283,302,305,305,177,340,290,668,517,835
05-04-2023,597,658,601,308,336,398,205,140,298,293,293,293,275,268,388,647,510,712
06-04-2023,663,636,682,298,265,288,185,155,347,320,328,328,320,343,358,460,605,485
07-04-2023,645,662,586,341,343,333,180,125,332,288,353,353,320,287,403,595,415,412
08-04-2023,655,620,650,284,285,370,172,123,288,295,332,332,313,308,320,433,488,798
09-04-2023,635,686,627,317,273,337,172,152,340,283,325,325,323,272,357,445,715,755
10-04-2023,669,599,596,317,292,394,208,133,327,285,318,318,292,312,360,402,588,453
11-04-2023,587,641,645,294,365,314,180,152,363,287,348,348,212,305,257,428,463,693
12-04-2023,684,588,685,313,314,340,195,145,338,318,392,392,250,248,302,457,467,552
13-04-2023,653,660,712,280,329,316,207,120,338,323,277,277,283,330,335,325,445,820
14-04-2023,647,648,689,316,311,298,178,147,348,292,300,300,278,273,398,600,620,410
15-04-2023,639,637,597,274,302,289,195,145,365,287,303,303,282,340,360,290,473,365
16-04-2023,658,657,719,293,316,173,197,150,307,287,308,308,243,268,397,555,468,802
17-04-2023,643,642,596,332,292,359,223,157,293,292,387,387,293,228,358,707,510,490
18-04-2023,621,685,663,295,310,337,203,132,347,320,318,318,315,315,277,323,660,412
19-04-2023,598,610,667,274,265,318,182,125,315,285,365,365,267,278,215,330,600,402
20-04-2023,642,629,695,274,369,267,200,143,367,333,367,367,185,270,407,325,403,643
21-04-2023,594,650,607,307,242,348,200,127,305,298,277,277,303,315,293,510,473,520
22-04-2023,599,651,695,335,340,278,188,123,335,338,337,337,265,322,327,388,377,622
23-04-2023,641,637,672,276,244,273,217,160,283,298,377,377,268,327,405,485,302,378
24-04-2023,667,687,597,295,285,362,175,167,295,332,307,307,333,357,282,530,383,673
25-04-2023,624,656,601,292,284,326,188,135,363,323,327,327,213,217,260,587,470,605
26-04-2023,675,612,637,290,258,296,185,140,350,323,358,358,318,267,360,422,522,593
27-04-2023,660,660,685,296,249,241,197,142,360,347,330,330,282,350,377,395,547,623
28-04-2023,644,604,712,323,282,306,188,130,342,293,363,363,278,282,378,522,502,515
29-04-2023,684,611,613,315,298,180,195,153,285,312,303,303,287,327,387,463,545,678
30-04-2023,608,697,595,309,304,307,168,130,332,280,278,278,295,288,352,418,300,565
01-05-2023,657,598,628,330,275,282,185,147,320,302,332,332,287,340,325,362,372,698
02-05-2023,668,643,621,314,350,241,190,138,278,298,308,308,357,345,378,458,522,342
03-05-2023,688,604,673,300,339,313,173,143,320,293,372,372,233,340,382,343,570,360
04-05-2023,584,613,649,300,267,323,178,125,315,327,315,315,272,235,310,217,480,450
05-05-2023,672,596,716,311,332,337,187,157,350,293,297,297,232,262,400,360,550,540
06-05-2023,621,664,596,292,271,383,162,147,357,328,325,325,343,252,382,325,560,600
07-05-2023,614,686,629,283,243,353,182,140,278,338,260,260,248,280,397,340,307,398
08-05-2023,633,672,630,283,288,314,190,143,348,307,293,293,268,263,383,505,595,455
09-05-2023,629,644,645,303,356,368,197,138,293,290,350,350,247,312,342,360,468,467
10-05-2023,676,687,620,300,264,380,205,110,343,308,320,320,307,315,307,530,587,413
11-05-2023,641,627,648,282,305,211,195,162,363,332,307,298,273,298,317,280,547,480
12-05-2023,620,625,653,287,333,432,195,138,358,290,392,350,287,285,370,588,342,463
13-05-2023,595,670,602,319,290,204,208,143,323,327,332,380,292,337,405,260,428,475
14-05-2023,616,677,660,304,289,372,190,168,298,295,328,367,222,337,340,553,600,583
15-05-2023,671,618,589,313,275,337,158,152,360,320,347,380,307,312,278,278,452,575
16-05-2023,636,693,644,305,247,312,210,145,300,318,340,373,258,308,337,265,355,300
17-05-2023,665,657,663,294,275,196,180,133,308,297,350,283,335,332,262,360,438,535
18-05-2023,645,629,636,325,348,297,170,152,298,322,345,348,222,298,403,272,390,490
19-05-2023,597,599,591,300,306,316,180,145,287,292,332,370,270,193,242,545,570,308
20-05-2023,594,670,619,316,291,219,170,142,312,282,362,280,270,320,225,295,450,312
21-05-2023,654,666,587,322,409,215,312,295,295,310,337,387,282,318,357,600,570,428
22-05-2023,599,642,635,322,297,268,293,300,350,297,300,322,162,310,335,388,535,535
23-05-2023,677,647,688,283,348,244,320,275,282,307,303,385,272,247,340,552,492,473
24-05-2023,636,630,637,285,289,297,355,270,352,320,288,340,368,263,380,352,385,697
25-05-2023,621,646,590,275,357,404,327,275,303,323,382,385,220,322,357,480,312,650
26-05-2023,637,622,608,302,337,237,305,268,293,302,323,383,353,303,388,588,398,515
27-05-2023,622,621,620,286,250,361,307,287,300,288,277,300,205,292,293,383,425,630
28-05-2023,655,644,674,312,267,317,345,288,355,307,377,347,280,273,322,570,570,317
29-05-2023,618,606,597,268,323,182,362,290,310,317,340,337,348,300,360,582,443,460
30-05-2023,623,612,624,298,365,245,312,293,333,307,350,318,282,348,313,265,565,305
31-05-2023,639,623,593,291,246,273,273,308,342,322,343,365,318,278,427,540,588,403
01-06-2023,602,647,579,322,308,263,288,287,298,308,358,343,267,350,428,592,343,437
02-06-2023,623,690,606,298,276,276,367,262,310,307,390,308,293,270,390,425,422,502
03-06-2023,597,675,607,311,262,221,275,282,308,310,310,398,265,308,337,248,342,480
04-06-2023,598,641,567,320,320,281,297,283,323,325,315,267,305,250,305,558,595,320
05-06-2023,630,616,621,297,323,414,317,302,337,313,308,328,312,267,315,575,593,473
06-06-2023,604,613,581,283,344,299,330,278,362,293,322,343,235,277,382,422,377,560
07-06-2023,654,657,644,303,291,325,280,303,318,285,353,272,317,260,363,287,445,395
08-06-2023,667,691,577,337,288,242,323,290,315,283,277,280,327,168,360,470,355,595
09-06-2023,633,612,587,294,302,355,330,297,308,307,332,275,345,322,333,325,432,545
10-06-2023,635,605,627,308,299,249,318,272,313,285,278,327,258,322,362,548,445,653
11-06-2023,595,635,586,293,317,278,335,295,313,317,357,342,328,333,310,425,305,672
12-06-2023,620,644,663,318,279,292,313,312,307,322,383,295,307,248,292,373,395,662
13-06-2023,633,669,634,312,265,251,298,292,322,280,307,383,295,300,352,572,365,445
14-06-2023,639,645,676,285,292,448,295,262,293,310,360,345,345,263,313,302,535,642
15-06-2023,635,640,597,273,294,365,348,280,287,313,358,285,332,308,308,442,515,407
16-06-2023,591,624,653,279,317,203,367,300,308,292,283,327,317,298,377,515,553,407
17-06-2023,664,663,598,266,302,254,350,305,303,317,385,302,318,317,263,362,548,668
18-06-2023,665,584,673,283,348,385,295,298,287,298,332,332,318,358,390,242,527,583
19-06-2023,637,667,699,320,302,363,315,288,310,325,347,352,332,232,377,415,505,440
20-06-2023,628,619,659,264,261,249,315,285,332,333,302,337,293,283,240,360,340,383
21-06-2023,668,664,655,312,303,290,330,290,305,298,355,327,325,342,278,253,342,317
22-06-2023,614,643,651,318,335,381,342,270,358,327,327,387,248,193,375,565,485,648
23-06-2023,652,652,603,294,394,295,300,305,307,315,362,347,293,315,383,257,575,312
24-06-2023,643,642,659,293,339,313,355,277,345,317,327,335,323,313,310,505,455,305
25-06-2023,587,626,636,317,252,327,330,317,342,307,367,307,250,310,310,515,480,330
26-06-2023,622,676,595,284,301,232,358,263,332,317,342,355,263,342,312,300,582,468
27-06-2023,657,591,584,291,301,272,305,290,300,307,328,365,322,270,287,295,408,505
28-06-2023,697,610,670,288,293,204,350,298,332,322,322,387,297,235,388,420,500,418
29-06-2023,689,616,619,283,308,272,335,295,290,290,278,298,318,313,333,540,575,643
30-06-2023,661,638,631,325,319,281,350,287,302,283,355,320,255,252,350,582,570,372
01-07-2023,646,675,595,314,381,225,320,278,317,283,312,308,265,275,272,462,365,660
02-07-2023,633,648,667,279,237,271,348,267,315,307,398,282,310,240,295,290,310,535
03-07-2023,638,675,674,323,284,284,297,295,322,292,343,340,292,338,240,292,510,480
04-07-2023,623,623,620,288,281,291,310,280,333,302,302,383,265,228,383,360,565,420
05-07-2023,637,624,609,265,280,349,333,305,313,323,385,340,283,242,393,240,335,390
06-07-2023,671,637,644,294,386,232,337,283,338,313,338,390,235,232,298,402,340,712
07-07-2023,687,662,606,320,248,309,315,288,323,318,347,318,315,290,388,302,403,455
08-07-2023,580,613,575,293,292,328,285,283,290,317,267,382,293,362,250,565,497,310
09-07-2023,655,619,594,324,333,361,335,273,318,323,333,228,268,328,343,530,570,510
10-07-2023,653,616,684,298,256,290,315,293,325,328,353,263,270,288,393,347,385,347
11-07-2023,614,637,644,308,318,282,332,313,347,298,332,297,353,252,427,587,348,425
12-07-2023,662,656,676,292,293,258,297,295,333,307,322,272,290,287,348,457,390,433
13-07-2023,627,658,604,321,294,342,335,282,290,275,340,252,173,175,368,462,338,498
14-07-2023,592,696,705,257,299,343,313,278,290,318,295,293,282,327,400,258,428,707
15-07-2023,680,631,628,310,274,182,300,262,298,283,365,257,205,338,355,410,425,630
16-07-2023,607,636,613,299,214,172,333,287,347,317,337,185,287,342,315,467,570,317
17-07-2023,647,653,686,312,299,348,285,270,342,312,355,188,282,315,363,470,443,460
18-07-2023,636,591,642,321,252,279,295,320,297,327,300,243,303,213,340,575,565,305
19-07-2023,620,643,615,307,291,246,335,297,323,327,398,272,302,348,347,467,588,403
20-07-2023,619,636,587,289,317,360,352,293,332,302,292,268,277,220,382,287,343,437
21-07-2023,612,588,601,299,290,338,340,302,320,317,315,205,283,342,340,330,422,502
22-07-2023,646,643,627,294,332,271,292,310,322,308,357,230,315,280,237,445,342,480
23-07-2023,629,617,620,313,250,188,350,287,300,308,347,232,267,282,317,360,595,320
24-07-2023,601,652,579,295,254,254,323,305,317,287,275,295,357,303,402,360,593,473
25-07-2023,631,676,620,278,288,380,282,278,295,283,362,192,358,263,297,385,377,560
26-07-2023,643,616,607,323,337,359,308,303,333,298,357,190,340,302,313,685,445,395
27-07-2023,675,662,688,335,275,318,340,287,345,338,338,277,257,325,365,287,355,595
28-07-2023,665,674,572,310,313,335,305,298,362,285,355,202,277,270,305,313,432,545
29-07-2023,649,665,677,294,253,294,295,293,360,295,325,203,328,238,380,585,445,653
30-07-2023,654,632,623,274,389,323,365,310,348,295,355,272,275,287,300,433,305,672
31-07-2023,670,618,589,322,362,353,283,273,302,342,307,200,268,287,317,290,395,662
01-08-2023,591,630,608,297,293,315,320,252,318,285,372,223,177,340,290,668,365,445
02-08-2023,669,607,691,277,355,207,335,287,335,333,318,230,275,268,388,647,535,642
03-08-2023,643,602,627,308,361,374,305,300,330,298,392,195,320,343,358,460,515,407
04-08-2023,648,662,640,330,271,357,337,278,352,307,273,198,320,287,403,595,553,407
05-08-2023,602,621,701,278,312,283,330,300,352,313,307,220,313,308,320,433,548,668
06-08-2023,660,663,604,321,280,332,350,303,350,307,372,208,323,272,357,445,527,583
07-08-2023,630,616,659,297,288,350,315,307,332,323,333,258,292,312,360,402,505,440
08-08-2023,647,609,592,310,304,329,302,318,348,298,325,247,212,305,257,428,340,383
09-08-2023,638,652,645,281,245,312,310,287,287,285,362,192,250,248,302,457,342,317
10-08-2023,652,644,681,277,293,337,310,282,328,298,378,187,283,330,335,325,485,648
11-08-2023,633,629,594,290,296,208,348,267,362,282,375,250,278,273,398,600,575,312
12-08-2023,665,651,679,275,269,435,295,280,338,335,390,207,282,340,360,290,455,305
13-08-2023,687,615,610,304,298,294,357,248,280,313,315,272,243,268,397,555,480,330
14-08-2023,650,609,610,293,264,336,355,285,323,293,395,265,293,228,358,707,582,468
15-08-2023,649,623,591,263,288,405,345,293,285,305,348,215,177,340,290,668,408,505
16-08-2023,638,653,698,292,268,392,300,290,330,303,337,202,275,268,388,647,500,418
17-08-2023,609,662,644,291,259,296,362,300,347,280,315,273,320,343,358,460,575,643
18-08-2023,618,654,668,310,350,248,352,310,325,300,350,225,320,287,403,595,570,372
19-08-2023,641,663,638,300,294,364,347,285,287,297,355,248,313,308,320,433,365,660
20-08-2023,645,629,684,304,278,256,325,297,310,323,322,227,323,272,357,445,310,535
